title,score,id,url,num_comments,created_utc,author,subreddit
Story of Arshad Nadeem in one image,506,1eo2i7f,https://i.redd.it/u2mn6d5uonhd1.jpeg,21,2024-08-09 20:23:21,sewabs,FIREPakistan
To Each Their Own‚Ä¶But,220,1f2wflh,https://i.redd.it/25xm42x4rald1.jpeg,117,2024-08-28 05:09:26,themalikshehryar,FIREPakistan
How to start Savings,112,1e9279r,https://www.reddit.com/r/FIREPakistan/comments/1e9279r/how_to_start_savings/,35,2024-07-22 06:29:37,khandayyanz,FIREPakistan
Something fishy going on in the market,76,1eza1l4,https://i.redd.it/8gzlfbtrcekd1.jpeg,12,2024-08-23 16:11:55,Rafay04,FIREPakistan
199% profit in 6 months,66,1f9rn96,https://www.reddit.com/r/FIREPakistan/comments/1f9rn96/199_profit_in_6_months/,41,2024-09-05 22:07:30,Annual_Floor_4239,FIREPakistan
MARI Petroleum announces a Rs 134 / share dividend and 800% bonus shares üöÄüöÄüöÄ,64,1en1pgx,https://i.redd.it/50y6wqykuehd1.png,53,2024-08-08 14:39:21,OmegaBrainNihari,FIREPakistan
Roast on my portfolio,58,1f7vp71,https://www.reddit.com/gallery/1f7vp71,55,2024-09-03 14:33:29,ChiefSkeptic,FIREPakistan
"I can save 550K PKR per month, don't know where to invest, and need guidance.",62,1ekh2kr,https://www.reddit.com/r/FIREPakistan/comments/1ekh2kr/i_can_save_550k_pkr_per_month_dont_know_where_to/,164,2024-08-05 11:38:33,NoEconomics8601,FIREPakistan
Where to invest money as a 23yr old ,48,1erzt58,https://www.reddit.com/r/FIREPakistan/comments/1erzt58/where_to_invest_money_as_a_23yr_old/,96,2024-08-14 17:02:40,skygazer101,FIREPakistan
A stupid guide to Investing in the Pakistan Stock Exchange (PSX),50,1d7ihl6,https://www.reddit.com/r/FIREPakistan/comments/1d7ihl6/a_stupid_guide_to_investing_in_the_pakistan_stock/,67,2024-06-04 04:12:35,OmegaBrainNihari,FIREPakistan
Thoughts on the advise,46,1epekg5,https://v.redd.it/uxi7pg7cgzhd1,29,2024-08-11 11:58:15,Rafay04,FIREPakistan
Pakistan #1! ,48,1f76rk3,https://i.redd.it/3si92mkieemd1.jpeg,13,2024-09-02 18:29:56,Vegetable-Aside8544,FIREPakistan
I am not someone who quickly jumps on to boycotting bandwagon but I'll make an exception for this elite pos who is an MD at next capital. 2nd tweet is him talking about the karsaz accident. ,46,1fanokz,https://www.reddit.com/gallery/1fanokz,23,2024-09-07 00:27:37,theguyfrom340,FIREPakistan
Starting from Scratch ,43,1efaoaf,https://www.reddit.com/r/FIREPakistan/comments/1efaoaf/starting_from_scratch/,61,2024-07-30 01:57:27,Pharcyde_rewind,FIREPakistan
Congratulations on reaching 5k Members üéâ,41,1f33kes,https://www.reddit.com/r/FIREPakistan/comments/1f33kes/congratulations_on_reaching_5k_members/,7,2024-08-28 11:45:19,obi_is_taken,FIREPakistan
19M I want to get married within the next 2 years.,37,1f72s1w,https://www.reddit.com/r/FIREPakistan/comments/1f72s1w/19m_i_want_to_get_married_within_the_next_2_years/,140,2024-09-02 14:44:58,Delicious_Bench439,FIREPakistan
smile for the camera guys,39,1ebsual,https://i.redd.it/3i0g1t0lkned1.png,4,2024-07-25 16:46:56,OmegaBrainNihari,FIREPakistan
Mutual Funds 101,34,1fa75ob,https://www.reddit.com/r/FIREPakistan/comments/1fa75ob/mutual_funds_101/,12,2024-09-06 09:59:07,Standard-Wheel8886,FIREPakistan
Taxation Guide on Mutual Funds 101,34,1faf4ur,https://www.reddit.com/r/FIREPakistan/comments/1faf4ur/taxation_guide_on_mutual_funds_101/,20,2024-09-06 18:25:49,obi_is_taken,FIREPakistan
Can someone explain?,34,1etkzd9,https://www.reddit.com/gallery/1etkzd9,6,2024-08-16 15:09:18,Longjumping-Back-499,FIREPakistan
The Legend Ghora Khan,34,1ens26m,https://i.redd.it/xmq4vbzxtkhd1.png,6,2024-08-09 10:46:28,feasible-boy,FIREPakistan
Guide on Al Meezan Mutual Funds,33,1f96l84,https://i.redd.it/7arnhnqjcvmd1.png,22,2024-09-05 03:29:17,Equivalent-Pop9361,FIREPakistan
19M Looking for some advice ,33,1f1dmji,https://www.reddit.com/r/FIREPakistan/comments/1f1dmji/19m_looking_for_some_advice/,38,2024-08-26 07:33:05,No_Growth_6026,FIREPakistan
Finally got a PSX account,34,1exmidx,https://i.redd.it/13a2142bzzjd1.jpeg,35,2024-08-21 15:51:31,khandayyanz,FIREPakistan
Help me invest some USD my father left me,33,1ev89z8,https://www.reddit.com/r/FIREPakistan/comments/1ev89z8/help_me_invest_some_usd_my_father_left_me/,28,2024-08-18 17:39:38,Warradau,FIREPakistan
Al Meezan Mutual Fund,31,1f0sto9,https://www.reddit.com/r/FIREPakistan/comments/1f0sto9/al_meezan_mutual_fund/,30,2024-08-25 14:55:12,Typical-Revolution94,FIREPakistan
"hi ladies and gents ~ r/FIREPakistan has 1,000 members now!",28,1e5fmnd,https://i.redd.it/3qupozktb2dd1.png,16,2024-07-17 16:16:53,OmegaBrainNihari,FIREPakistan
Roast my portfolio ,31,1ekxr23,https://i.redd.it/dkhfsxj7kwgd1.png,79,2024-08-06 01:09:08,attituderex,FIREPakistan
Best way to invest 600k a month? [halal solutions only],28,1ee9zl7,https://www.reddit.com/r/FIREPakistan/comments/1ee9zl7/best_way_to_invest_600k_a_month_halal_solutions/,123,2024-07-28 20:26:30,Adminisitrator,FIREPakistan
Should I become a filer with 500k monthly income? ,29,1fjmk65,https://www.reddit.com/r/FIREPakistan/comments/1fjmk65/should_i_become_a_filer_with_500k_monthly_income/,104,2024-09-18 11:45:59,Old-Initiative-5661,FIREPakistan
I will have 30k IA what to do ,28,1f0yszv,https://www.reddit.com/r/FIREPakistan/comments/1f0yszv/i_will_have_30k_ia_what_to_do/,50,2024-08-25 20:21:11,Puzzlehead352,FIREPakistan
SHIMPLE Investment Portfolio,28,1eicr67,https://www.reddit.com/r/FIREPakistan/comments/1eicr67/shimple_investment_portfolio/,17,2024-08-02 20:19:56,StrikingLanguage,FIREPakistan
50k to invest. Are stocks a good option?,28,1e8uaxa,https://www.reddit.com/r/FIREPakistan/comments/1e8uaxa/50k_to_invest_are_stocks_a_good_option/,59,2024-07-22 00:25:30,Majestic_Welder_9276,FIREPakistan
Invest in USA stock market from Pakistan,28,1e2jaap,https://www.reddit.com/r/FIREPakistan/comments/1e2jaap/invest_in_usa_stock_market_from_pakistan/,30,2024-07-14 00:58:17,Gateofallworld,FIREPakistan
Investment advice for a 40+ with 3 kids,28,1fbrc5h,https://www.reddit.com/r/FIREPakistan/comments/1fbrc5h/investment_advice_for_a_40_with_3_kids/,61,2024-09-08 11:25:10,Ahmeed800,FIREPakistan
Top Brokers of PSX,27,1epgn4a,https://i.redd.it/nrt0h3yb50id1.jpeg,17,2024-08-11 14:16:59,khandayyanz,FIREPakistan
My Portfolio - (Suggestions are welcome),26,1ente9u,https://i.redd.it/hykd6ly79lhd1.png,55,2024-08-09 12:12:04,Fahad-2001,FIREPakistan
"""risk free"" and ""high returns"" do not belong in the same sentence",27,1e7ut6n,https://www.reddit.com/r/FIREPakistan/comments/1e7ut6n/risk_free_and_high_returns_do_not_belong_in_the/,9,2024-07-20 17:44:14,OmegaBrainNihari,FIREPakistan
How to move out of a rut,26,1fdaxz5,https://www.reddit.com/r/FIREPakistan/comments/1fdaxz5/how_to_move_out_of_a_rut/,51,2024-09-10 10:58:59,lonelybrowndude,FIREPakistan
What 'gotchas' I need to be aware of when applying for a credit card?,26,1eyf15m,https://www.reddit.com/r/FIREPakistan/comments/1eyf15m/what_gotchas_i_need_to_be_aware_of_when_applying/,33,2024-08-22 14:31:32,SpitefulBrains,FIREPakistan
My portfolio (Suggestions are welcome),27,1exhjfl,https://i.redd.it/7qerdjhrcyjd1.jpeg,17,2024-08-21 10:23:22,Technical-Cover-2714,FIREPakistan
Share your story of Reaching Financial Independence on the PSX,24,1fha3x7,https://www.reddit.com/r/FIREPakistan/comments/1fha3x7/share_your_story_of_reaching_financial/,15,2024-09-15 16:12:17,Party-Back-9381,FIREPakistan
Why is every other post on this sub regarding MSF when it is not even the top 10 fund in its category... (#13 in YTD returns),25,1f56bqv,https://i.redd.it/8866he12avld1.png,43,2024-08-31 02:12:08,deltapak,FIREPakistan
Roast my portfolio,26,1enx4t2,https://i.redd.it/rfui0ghihmhd1.jpeg,20,2024-08-09 16:20:20,MasterXyth,FIREPakistan
Scam Alert,24,1elj5ed,https://www.reddit.com/r/FIREPakistan/comments/1elj5ed/scam_alert/,1,2024-08-06 19:25:08,BitNew5213,FIREPakistan
My portfolio - suggestions welcome (it‚Äôs becoming a trend and I like it üòÅ),25,1elek56,https://i.redd.it/uly5dm7nw0hd1.jpeg,42,2024-08-06 15:45:58,Longjumping-Back-499,FIREPakistan
"Did not know this sub existed. Boiii oh boi, are y‚Äôall in for a treat.",26,1dz6ha8,https://www.reddit.com/r/FIREPakistan/comments/1dz6ha8/did_not_know_this_sub_existed_boiii_oh_boi_are/,11,2024-07-09 21:17:01,confirm-jannati,FIREPakistan
Portfolio made and advise needed. ,24,1fcm5v8,https://i.redd.it/xn3b4kjkgrnd1.jpeg,33,2024-09-09 15:28:47,Rend318,FIREPakistan
What to do with my Income/Savings?,24,1f9ib8y,https://www.reddit.com/r/FIREPakistan/comments/1f9ib8y/what_to_do_with_my_incomesavings/,54,2024-09-05 14:34:48,Bitter-Cheesecake347,FIREPakistan
Looking to learn about stocks! ,24,1epch8g,https://www.reddit.com/r/FIREPakistan/comments/1epch8g/looking_to_learn_about_stocks/,21,2024-08-11 09:48:01,Cold_Designer_6902,FIREPakistan
How to start in stock market (GUIDE),24,1eertib,https://www.reddit.com/r/FIREPakistan/comments/1eertib/how_to_start_in_stock_market_guide/,11,2024-07-29 10:36:24,BitNew5213,FIREPakistan
This sub is a scam! [Rant],24,1e5s0wr,https://www.reddit.com/r/FIREPakistan/comments/1e5s0wr/this_sub_is_a_scam_rant/,24,2024-07-18 01:10:14,FutureFactoryMaker,FIREPakistan
How come no one ever talked about this?,23,1ekrzcs,https://i.redd.it/8ve17o17fvgd1.png,28,2024-08-05 21:19:33,kid_90,FIREPakistan
How do i sell a start up in Pakistan,22,1e0mgqf,https://www.reddit.com/r/FIREPakistan/comments/1e0mgqf/how_do_i_sell_a_start_up_in_pakistan/,30,2024-07-11 16:18:02,hamzakhan_khi,FIREPakistan
How to invest 10 crore to achieve FiRe in Pakistan? ,22,1fjxjs9,https://www.reddit.com/r/FIREPakistan/comments/1fjxjs9/how_to_invest_10_crore_to_achieve_fire_in_pakistan/,45,2024-09-18 21:48:10,clientapp,FIREPakistan
Upcoming book closure dates for cash dividends and bonus shares,21,1f4b3q6,https://i.redd.it/55q7w9tbmnld1.jpeg,14,2024-08-30 00:25:39,OmegaBrainNihari,FIREPakistan
"As a Pakistani, how do you invest in S&P 500 or the US Stock exchange?",21,1edl099,https://www.reddit.com/r/FIREPakistan/comments/1edl099/as_a_pakistani_how_do_you_invest_in_sp_500_or_the/,42,2024-07-27 21:58:17,Undone_Assignment,FIREPakistan
Can you invest in US stocks from Pakistan legally?,20,1f7tqko,https://www.reddit.com/r/FIREPakistan/comments/1f7tqko/can_you_invest_in_us_stocks_from_pakistan_legally/,32,2024-09-03 12:12:26,Traditional_Gas_1407,FIREPakistan
25M Married with significant cash in hand,21,1f74fba,https://www.reddit.com/r/FIREPakistan/comments/1f74fba/25m_married_with_significant_cash_in_hand/,32,2024-09-02 16:28:58,Glad_Radish8904,FIREPakistan
Tax Rebates,21,1ev2v5h,https://www.reddit.com/r/FIREPakistan/comments/1ev2v5h/tax_rebates/,16,2024-08-18 11:38:38,turacloud,FIREPakistan
Top 20 Dividend paying stocks,20,1fj4i56,https://www.reddit.com/r/FIREPakistan/comments/1fj4i56/top_20_dividend_paying_stocks/,14,2024-09-17 21:59:30,BitNew5213,FIREPakistan
Should I become a tax filer? ,21,1fi8f4w,https://www.reddit.com/r/FIREPakistan/comments/1fi8f4w/should_i_become_a_tax_filer/,15,2024-09-16 21:04:57,MilkNo7261,FIREPakistan
Al Meezan Investment ,20,1etbyao,https://i.redd.it/64yictndexid1.jpeg,17,2024-08-16 06:06:30,nyctophile07,FIREPakistan
Meezan Bank Worst for Savings Account? (URGENT) ,19,1f8i1vz,https://www.reddit.com/r/FIREPakistan/comments/1f8i1vz/meezan_bank_worst_for_savings_account_urgent/,41,2024-09-04 07:17:06,MilkNo7261,FIREPakistan
Advice Needed,19,1espxag,https://www.reddit.com/r/FIREPakistan/comments/1espxag/advice_needed/,8,2024-08-15 13:24:52,Fit-Western-4115,FIREPakistan
Onboarding need to be even more simplified ,18,1epgm81,https://i.redd.it/riakems050id1.jpeg,7,2024-08-11 14:15:15,khandayyanz,FIREPakistan
What‚Äôs your personal Investing 101 in Pakistan?,17,1f4zg26,https://www.reddit.com/r/FIREPakistan/comments/1f4zg26/whats_your_personal_investing_101_in_pakistan/,22,2024-08-30 21:24:36,khanspeare,FIREPakistan
Becoming a Filer,19,1f4qvin,https://www.reddit.com/r/FIREPakistan/comments/1f4qvin/becoming_a_filer/,24,2024-08-30 14:20:08,Possible_Annual_7990,FIREPakistan
I have been selling and buying crypto ,19,1f4ntjz,https://www.reddit.com/r/FIREPakistan/comments/1f4ntjz/i_have_been_selling_and_buying_crypto/,42,2024-08-30 10:44:01,muggie-amsal,FIREPakistan
Need Advice: Best Way to Invest 10 Million for Monthly Income,19,1evlloo,https://www.reddit.com/r/FIREPakistan/comments/1evlloo/need_advice_best_way_to_invest_10_million_for/,41,2024-08-19 03:15:27,DDD010101,FIREPakistan
What's the net worth y'all are aspiring to get to to FIRE,18,1es3o74,https://www.reddit.com/r/FIREPakistan/comments/1es3o74/whats_the_net_worth_yall_are_aspiring_to_get_to/,38,2024-08-14 19:53:56,smaa89,FIREPakistan
Investment advice needed,17,1ee940h,https://www.reddit.com/r/FIREPakistan/comments/1ee940h/investment_advice_needed/,32,2024-07-28 19:48:04,Greedy_Deer6913,FIREPakistan
It's okay to talk about money,18,1dmtj1p,https://www.reddit.com/r/FIREPakistan/comments/1dmtj1p/its_okay_to_talk_about_money/,2,2024-06-24 00:03:43,OmegaBrainNihari,FIREPakistan
Is this probably too diversified? ,17,1f8qhbc,https://www.reddit.com/r/FIREPakistan/comments/1f8qhbc/is_this_probably_too_diversified/,31,2024-09-04 16:07:20,throwaway81572,FIREPakistan
What are the Pros and Cons of Becoming a Filer,17,1f1bxyh,https://www.reddit.com/r/FIREPakistan/comments/1f1bxyh/what_are_the_pros_and_cons_of_becoming_a_filer/,37,2024-08-26 06:06:27,Plenty-Ad5166,FIREPakistan
Can someone explain why the PSX is doing so well‚Ä¶ ,17,1eyjhyj,https://www.reddit.com/r/FIREPakistan/comments/1eyjhyj/can_someone_explain_why_the_psx_is_doing_so_well/,47,2024-08-22 18:35:40,Lithire123,FIREPakistan
Help me invest wisely,17,1eu7gvt,https://www.reddit.com/r/FIREPakistan/comments/1eu7gvt/help_me_invest_wisely/,14,2024-08-17 07:51:36,Party-Back-9381,FIREPakistan
"New Pakistani Subreddit focused on immigration from Pakistan
",16,1er5ul5,https://www.reddit.com/r/FIREPakistan/comments/1er5ul5/new_pakistani_subreddit_focused_on_immigration/,1,2024-08-13 16:51:10,m3w2wo,FIREPakistan
Want to buy a car. ,17,1ebbjs5,https://www.reddit.com/r/FIREPakistan/comments/1ebbjs5/want_to_buy_a_car/,61,2024-07-25 01:22:01,ApprehensiveHalf2802,FIREPakistan
Looking for investment options around 50-70k,18,1ea3n3p,https://www.reddit.com/r/FIREPakistan/comments/1ea3n3p/looking_for_investment_options_around_5070k/,36,2024-07-23 14:36:23,hamzakhan_khi,FIREPakistan
Case study:- everything I did to scale my client's $50k/m revenue to $100k/m,16,1e6pvu8,https://www.reddit.com/r/FIREPakistan/comments/1e6pvu8/case_study_everything_i_did_to_scale_my_clients/,5,2024-07-19 04:52:59,Human_Adeptness_2145,FIREPakistan
How mutual Funds work and brief ecosystem,17,1e1i77f,https://i.redd.it/ktnx6okqe3cd1.png,5,2024-07-12 18:51:21,obi_is_taken,FIREPakistan
Focus on your emergency Fund Folks!,16,1dyx10t,https://www.reddit.com/r/FIREPakistan/comments/1dyx10t/focus_on_your_emergency_fund_folks/,11,2024-07-09 13:10:55,obi_is_taken,FIREPakistan
Confused ,16,1ezjnvu,https://i.redd.it/spl7ohinfgkd1.png,17,2024-08-23 23:11:38,hypocrite302,FIREPakistan
Selling Gold to invest in compounding mutual funds? How much return will I get every month ,16,1ezacjw,https://www.reddit.com/r/FIREPakistan/comments/1ezacjw/selling_gold_to_invest_in_compounding_mutual/,25,2024-08-23 16:29:32,Lost_Chemical_7327,FIREPakistan
Where to invest 3cr for the long-term?,15,1exl047,https://www.reddit.com/r/FIREPakistan/comments/1exl047/where_to_invest_3cr_for_the_longterm/,33,2024-08-21 14:14:36,New-Description5985,FIREPakistan
Prediction ,16,1esanzj,https://www.reddit.com/r/FIREPakistan/comments/1esanzj/prediction/,31,2024-08-15 00:39:45,CommsTheSex,FIREPakistan
Bull market lets goooüöÄ,16,1eovw0m,https://v.redd.it/na697ugzvuhd1,2,2024-08-10 20:35:44,attituderex,FIREPakistan
"Passive income and FIRE in Pakistan. Dream, fantasy, or nightmare?",15,1f7hs72,https://www.reddit.com/r/FIREPakistan/comments/1f7hs72/passive_income_and_fire_in_pakistan_dream_fantasy/,35,2024-09-03 01:59:15,pakistanFI,FIREPakistan
Inflation vs PSX,16,1f2ken3,https://www.reddit.com/r/FIREPakistan/comments/1f2ken3/inflation_vs_psx/,7,2024-08-27 20:48:13,Any-Brilliant-5910,FIREPakistan
What fund category to go for when investing in Meezan Mutual Fund?,16,1esyr5t,https://i.redd.it/fcvsyipvnuid1.png,14,2024-08-15 20:54:24,kvothei,FIREPakistan
Should I invest in gold or mutual funds? ,15,1eqkeyb,https://www.reddit.com/r/FIREPakistan/comments/1eqkeyb/should_i_invest_in_gold_or_mutual_funds/,27,2024-08-12 22:52:19,noumanpoke1,FIREPakistan
"I have Rs 50 in savings, should I invest it in a bag of Lays or Kurkure?",15,1dvuc7i,https://www.reddit.com/r/FIREPakistan/comments/1dvuc7i/i_have_rs_50_in_savings_should_i_invest_it_in_a/,11,2024-07-05 14:57:11,garlic_tahini,FIREPakistan
From Rickshaws to SUVs üöÄüåëüöÄüåï,15,1dflqe8,https://i.redd.it/9i5svxs6wh6d1.png,3,2024-06-14 13:10:07,OmegaBrainNihari,FIREPakistan
Multiplying your savings by 10?? ,13,1fjmmy2,https://i.redd.it/io17k2szlipd1.jpeg,13,2024-09-18 11:51:24,foxy_grapefruit,FIREPakistan
stay safe guys (mods ban this scammer),16,1fdrkmp,https://www.reddit.com/gallery/1fdrkmp,2,2024-09-11 01:10:01,bilalfaridi2005,FIREPakistan
Poke holes in my FIRE Plan for moving back to Pakistan in 2026,14,1fdlj4w,https://www.reddit.com/r/FIREPakistan/comments/1fdlj4w/poke_holes_in_my_fire_plan_for_moving_back_to/,34,2024-09-10 21:04:06,TangerineMaximum2976,FIREPakistan
How to buy USD in Karachi,14,1f9nbk6,https://www.reddit.com/r/FIREPakistan/comments/1f9nbk6/how_to_buy_usd_in_karachi/,25,2024-09-05 19:03:36,Fit-Western-4115,FIREPakistan
Really in dire need of help regarding sudden financial increment,14,1f9h1dg,https://www.reddit.com/r/FIREPakistan/comments/1f9h1dg/really_in_dire_need_of_help_regarding_sudden/,17,2024-09-05 13:00:23,Maazy_dude,FIREPakistan
1 Crore PKR Investment Strategy Review,15,1f6r6gx,https://www.reddit.com/r/FIREPakistan/comments/1f6r6gx/1_crore_pkr_investment_strategy_review/,19,2024-09-02 03:34:18,uhdthinker,FIREPakistan
WithHolding Tax ü•≤,14,1f6bx3b,https://i.redd.it/g6y7i14gk6md1.jpeg,7,2024-09-01 16:08:57,Gunman66,FIREPakistan
This is how to plunder public money ,15,1f0a41z,https://www.reddit.com/r/FIREPakistan/comments/1f0a41z/this_is_how_to_plunder_public_money/,1,2024-08-24 22:02:07,waqasy,FIREPakistan
Meezan Savings Accoint,14,1er5s19,https://www.reddit.com/r/FIREPakistan/comments/1er5s19/meezan_savings_accoint/,21,2024-08-13 16:47:30,KitchenChampionship7,FIREPakistan
So what about MARI,13,1epn743,https://www.reddit.com/r/FIREPakistan/comments/1epn743/so_what_about_mari/,14,2024-08-11 20:16:43,throwawaykarachiite,FIREPakistan
I have 10 million to invest. What would you recommend?,15,1emxmmf,https://www.reddit.com/r/FIREPakistan/comments/1emxmmf/i_have_10_million_to_invest_what_would_you/,65,2024-08-08 10:10:13,AashirLV,FIREPakistan
I don‚Äôt know anything about investments,14,1elxrid,https://www.reddit.com/r/FIREPakistan/comments/1elxrid/i_dont_know_anything_about_investments/,11,2024-08-07 05:19:14,Superb-Dot-255,FIREPakistan
I have around 15 million . Is it wise to invest it in to mutual funds with hbl or al meezan. ,13,1elojad,https://www.reddit.com/r/FIREPakistan/comments/1elojad/i_have_around_15_million_is_it_wise_to_invest_it/,32,2024-08-06 22:59:39,Known_Win_8209,FIREPakistan
Need suggestions for investing in a safe and inactive way,13,1elaz5a,https://www.reddit.com/r/FIREPakistan/comments/1elaz5a/need_suggestions_for_investing_in_a_safe_and/,26,2024-08-06 11:48:49,Ok_City6385,FIREPakistan
Pakistani Stock Investment Scene ,14,1eix2rv,https://www.reddit.com/r/FIREPakistan/comments/1eix2rv/pakistani_stock_investment_scene/,18,2024-08-03 12:03:50,zainch103,FIREPakistan
"How to Save 17,296,854 PKR",14,1eikkqe,https://www.reddit.com/r/FIREPakistan/comments/1eikkqe/how_to_save_17296854_pkr/,13,2024-08-03 01:37:31,nyctophile07,FIREPakistan
Creating passive income for parents ~ 2 lacs,13,1fh81ew,https://www.reddit.com/r/FIREPakistan/comments/1fh81ew/creating_passive_income_for_parents_2_lacs/,31,2024-09-15 13:43:38,HueCue,FIREPakistan
Where to park 4.8M?,13,1fgfpi4,https://www.reddit.com/r/FIREPakistan/comments/1fgfpi4/where_to_park_48m/,62,2024-09-14 11:14:15,TheRationalPaki,FIREPakistan
Advice needed for Better future,13,1fcizoy,https://www.reddit.com/r/FIREPakistan/comments/1fcizoy/advice_needed_for_better_future/,7,2024-09-09 11:29:46,subhanshahid9492,FIREPakistan
Where to learn the fundamentals before getting into stocks?,13,1ey7lh8,https://www.reddit.com/r/FIREPakistan/comments/1ey7lh8/where_to_learn_the_fundamentals_before_getting/,19,2024-08-22 06:59:13,Party-Back-9381,FIREPakistan
Must Listen for the people who starting Stock market investment journey.,13,1eqzyrn,https://v.redd.it/1knx0r3gadid1,3,2024-08-13 10:28:53,BitNew5213,FIREPakistan
Just curious to know your thoughts on riba,13,1eqfced,https://www.reddit.com/r/FIREPakistan/comments/1eqfced/just_curious_to_know_your_thoughts_on_riba/,19,2024-08-12 19:34:56,basitmate,FIREPakistan
Market's condition at day End,13,1enzr0g,https://i.redd.it/4sm69tfo4nhd1.jpeg,6,2024-08-09 18:30:11,BitNew5213,FIREPakistan
I have only 2.2mil PKR and dont know what to do,13,1ekqc4r,https://www.reddit.com/r/FIREPakistan/comments/1ekqc4r/i_have_only_22mil_pkr_and_dont_know_what_to_do/,50,2024-08-05 20:13:50,PsychologicalRoof399,FIREPakistan
Pay yourself first,14,1ebvnpv,https://www.reddit.com/r/FIREPakistan/comments/1ebvnpv/pay_yourself_first/,4,2024-07-25 19:01:42,snippedandfried,FIREPakistan
How to benefit from this sub as a noob.,13,1eboomv,https://www.reddit.com/r/FIREPakistan/comments/1eboomv/how_to_benefit_from_this_sub_as_a_noob/,15,2024-07-25 12:14:43,Dry_Coat9310,FIREPakistan
What to do with 15K in USD,13,1fjwz6i,https://www.reddit.com/r/FIREPakistan/comments/1fjwz6i/what_to_do_with_15k_in_usd/,70,2024-09-18 21:24:19,creativepotator,FIREPakistan
Gold as an Investment ,12,1fi0j7f,https://www.reddit.com/r/FIREPakistan/comments/1fi0j7f/gold_as_an_investment/,27,2024-09-16 14:45:55,Plenty-Ad5166,FIREPakistan
Your Opinion on Car Renting Business,13,1fhbtq8,https://www.reddit.com/r/FIREPakistan/comments/1fhbtq8/your_opinion_on_car_renting_business/,19,2024-09-15 17:54:08,justheretonutz,FIREPakistan
Incoming and Outgoing companies from the KSE100,12,1fgl6zs,https://i.redd.it/mgpiqvvvsrod1.jpeg,4,2024-09-14 17:42:20,OmegaBrainNihari,FIREPakistan
Compounding frequency for long term investment ,12,1ffryqj,https://www.reddit.com/r/FIREPakistan/comments/1ffryqj/compounding_frequency_for_long_term_investment/,21,2024-09-13 16:04:27,deadly-struggles,FIREPakistan
Looking for best options to invest/save,12,1fdibvp,https://www.reddit.com/r/FIREPakistan/comments/1fdibvp/looking_for_best_options_to_investsave/,64,2024-09-10 18:48:59,hotflamingcheetos9,FIREPakistan
How to avoid tax on freelance income.,13,1fc0fga,https://www.reddit.com/r/FIREPakistan/comments/1fc0fga/how_to_avoid_tax_on_freelance_income/,56,2024-09-08 20:28:32,HajiThanos420,FIREPakistan
29M Single Working in Australia with plans to return,12,1f75xct,https://www.reddit.com/r/FIREPakistan/comments/1f75xct/29m_single_working_in_australia_with_plans_to/,11,2024-09-02 17:50:32,RightAileron,FIREPakistan
"If Mutual Funds are investing in Halal options, why is it always near to Policy Rate of that month aka interest rate.",13,1f3c20x,https://www.reddit.com/r/FIREPakistan/comments/1f3c20x/if_mutual_funds_are_investing_in_halal_options/,22,2024-08-28 19:45:49,are_u_kidding_me_07,FIREPakistan
PSX closing bell 16/08/2024,11,1eto2pn,https://i.redd.it/2r71g67it0jd1.jpeg,6,2024-08-16 17:56:20,Ju9aid,FIREPakistan
Want to have monthly return of almost 100k,12,1eqf4p1,https://www.reddit.com/r/FIREPakistan/comments/1eqf4p1/want_to_have_monthly_return_of_almost_100k/,55,2024-08-12 19:26:01,Key_Researcher8037,FIREPakistan
Is Islamic savings account/Mutual funds halal?,12,1emdk6g,https://www.reddit.com/r/FIREPakistan/comments/1emdk6g/is_islamic_savings_accountmutual_funds_halal/,19,2024-08-07 19:42:00,banging7poor,FIREPakistan
Meezan Islamic Fund - HELP ,12,1ejvfqk,https://www.reddit.com/r/FIREPakistan/comments/1ejvfqk/meezan_islamic_fund_help/,43,2024-08-04 18:36:45,None,FIREPakistan
Investment options for me (Islamabad),12,1eglwhm,https://www.reddit.com/r/FIREPakistan/comments/1eglwhm/investment_options_for_me_islamabad/,36,2024-07-31 17:27:58,sk24sk24,FIREPakistan
Just turned 18,13,1ebckbg,https://www.reddit.com/r/FIREPakistan/comments/1ebckbg/just_turned_18/,39,2024-07-25 02:03:22,Temporary-Piano1,FIREPakistan
Thoughts on my portfolio,11,1fiv25w,https://i.redd.it/ip0ax17zdcpd1.jpeg,15,2024-09-17 14:55:47,shikiiiryougi,FIREPakistan
What amount did you use to start day trading? And what was your first profit?,12,1fec70t,https://www.reddit.com/r/FIREPakistan/comments/1fec70t/what_amount_did_you_use_to_start_day_trading_and/,42,2024-09-11 19:57:27,qwerty_sux,FIREPakistan
Want a rough estimate,10,1fdgrjr,https://www.reddit.com/r/FIREPakistan/comments/1fdgrjr/want_a_rough_estimate/,13,2024-09-10 17:35:04,Mockingjay718s,FIREPakistan
Created this calculator for all FIRE aspirants,11,1fb57rw,https://www.reddit.com/r/FIREPakistan/comments/1fb57rw/created_this_calculator_for_all_fire_aspirants/,3,2024-09-07 16:56:50,throwawaykarachiite,FIREPakistan
Meezan Gold Fund,11,1fb140m,https://www.reddit.com/r/FIREPakistan/comments/1fb140m/meezan_gold_fund/,3,2024-09-07 12:01:31,coolguydoing69,FIREPakistan
Inspiring ,11,1fapndf,/r/Fire/comments/1f5muye/hit_400k_nw_for_the_first_time/,1,2024-09-07 01:49:33,py_probot,FIREPakistan
Anything I can do better for FIRE,11,1f94xa3,https://www.reddit.com/r/FIREPakistan/comments/1f94xa3/anything_i_can_do_better_for_fire/,16,2024-09-05 02:18:32,Hmii2fr,FIREPakistan
Advice for beginner to invest salary,12,1f4rbrb,https://www.reddit.com/r/FIREPakistan/comments/1f4rbrb/advice_for_beginner_to_invest_salary/,44,2024-08-30 14:51:26,MansoorAhmed11,FIREPakistan
HBL Mahana Profit,11,1f1614d,https://www.reddit.com/r/FIREPakistan/comments/1f1614d/hbl_mahana_profit/,28,2024-08-26 01:28:24,Double-Foot9605,FIREPakistan
Does Pakistan have tax-advantaged retirement plans like a 401(k)?,11,1f09qpl,https://www.reddit.com/r/FIREPakistan/comments/1f09qpl/does_pakistan_have_taxadvantaged_retirement_plans/,5,2024-08-24 21:45:39,HeWhoDidIt,FIREPakistan
Common Challenges in Pakistan Investment Scene,11,1exk7m5,https://www.reddit.com/r/FIREPakistan/comments/1exk7m5/common_challenges_in_pakistan_investment_scene/,14,2024-08-21 13:21:03,obi_is_taken,FIREPakistan
Which bank has the best savings account?,11,1eumtz0,https://www.reddit.com/r/FIREPakistan/comments/1eumtz0/which_bank_has_the_best_savings_account/,20,2024-08-17 22:15:01,Due-Philosopher-1426,FIREPakistan
Help a Brother out,11,1erh2h7,https://www.reddit.com/r/FIREPakistan/comments/1erh2h7/help_a_brother_out/,13,2024-08-14 00:38:38,DifficultOlive7295,FIREPakistan
Comparing IBKR/Sarwa/Elphinstone,11,1eolg2r,https://www.reddit.com/r/FIREPakistan/comments/1eolg2r/comparing_ibkrsarwaelphinstone/,12,2024-08-10 10:33:18,Ill-Protection9594,FIREPakistan
Should I buy stocks right now or wait?,11,1ejs8pp,https://www.reddit.com/r/FIREPakistan/comments/1ejs8pp/should_i_buy_stocks_right_now_or_wait/,17,2024-08-04 15:35:29,usaidr,FIREPakistan
Saving 30k pkr per month ,10,1ehtew5,https://www.reddit.com/r/FIREPakistan/comments/1ehtew5/saving_30k_pkr_per_month/,27,2024-08-02 03:12:28,Meowww786,FIREPakistan
What to do of my saved money,10,1ee0tdz,https://www.reddit.com/r/FIREPakistan/comments/1ee0tdz/what_to_do_of_my_saved_money/,43,2024-07-28 11:11:35,npc2469,FIREPakistan
Low Risk Investment with decent ROI,9,1e688oh,https://www.reddit.com/r/FIREPakistan/comments/1e688oh/low_risk_investment_with_decent_roi/,42,2024-07-18 15:37:37,GlassWasabi1298,FIREPakistan
Investing for Dummies? ,12,1e0kbhs,https://www.reddit.com/r/FIREPakistan/comments/1e0kbhs/investing_for_dummies/,22,2024-07-11 13:58:04,Dry-Spare-4255,FIREPakistan
Budget 2024 in a nutshell,10,1dev8l0,https://i.redd.it/ntko1q9aab6d1.png,1,2024-06-13 14:55:02,OmegaBrainNihari,FIREPakistan
About best brokers for stock trading ,10,1fgmzgo,https://www.reddit.com/r/FIREPakistan/comments/1fgmzgo/about_best_brokers_for_stock_trading/,24,2024-09-14 19:12:43,Libertychonk,FIREPakistan
Where to deposit ~15 lakh worth of pounds?,9,1fbbqxv,https://www.reddit.com/r/FIREPakistan/comments/1fbbqxv/where_to_deposit_15_lakh_worth_of_pounds/,31,2024-09-07 22:03:41,theyarenotlikeus,FIREPakistan
Need Some Tax Guidance,11,1f6yz1k,https://www.reddit.com/r/FIREPakistan/comments/1f6yz1k/need_some_tax_guidance/,11,2024-09-02 10:24:29,_holybread_,FIREPakistan
Savings Account 11% Interest ,11,1f68yui,https://www.reddit.com/r/FIREPakistan/comments/1f68yui/savings_account_11_interest/,24,2024-09-01 12:38:12,MilkNo7261,FIREPakistan
What's best bank to get an account opened?,11,1f4raci,https://www.reddit.com/r/FIREPakistan/comments/1f4raci/whats_best_bank_to_get_an_account_opened/,19,2024-08-30 14:48:42,MansoorAhmed11,FIREPakistan
Question for Meezan Mutual Funds,11,1f2hqoq,https://www.reddit.com/r/FIREPakistan/comments/1f2hqoq/question_for_meezan_mutual_funds/,4,2024-08-27 18:58:21,moral_mortal,FIREPakistan
Facing these problems while creating an account in Al Meezan,11,1f1o2x0,https://www.reddit.com/r/FIREPakistan/comments/1f1o2x0/facing_these_problems_while_creating_an_account/,12,2024-08-26 18:22:14,theyarenotlikeus,FIREPakistan
Want to become a filler ,10,1ez9k90,https://www.reddit.com/r/FIREPakistan/comments/1ez9k90/want_to_become_a_filler/,9,2024-08-23 15:43:39,Malvinion,FIREPakistan
Investment Advice Needed ,10,1ewve4g,https://www.reddit.com/r/FIREPakistan/comments/1ewve4g/investment_advice_needed/,28,2024-08-20 18:21:09,Admirable_Moment_805,FIREPakistan
I want to learn day trading ,11,1eusurn,https://www.reddit.com/r/FIREPakistan/comments/1eusurn/i_want_to_learn_day_trading/,23,2024-08-18 02:42:56,Unfair-Jackfruit4542,FIREPakistan
"Hey, What's the best Savings account?",10,1er1rdb,https://www.reddit.com/r/FIREPakistan/comments/1er1rdb/hey_whats_the_best_savings_account/,34,2024-08-13 12:29:07,salman2711,FIREPakistan
18 years just starting out,10,1eq75wy,https://www.reddit.com/r/FIREPakistan/comments/1eq75wy/18_years_just_starting_out/,29,2024-08-12 12:02:48,Reasonable_Can_1161,FIREPakistan
Is Meezan mutual funds Shariah compliant?,11,1eq5oo0,https://www.reddit.com/gallery/1eq5oo0,7,2024-08-12 10:28:41,reyhanahmed,FIREPakistan
Which broker to choose? (PSX),9,1em4fc4,https://www.reddit.com/r/FIREPakistan/comments/1em4fc4/which_broker_to_choose_psx/,28,2024-08-07 11:07:13,Additional_Zebra_444,FIREPakistan
Where to Invest 5 Million ,10,1ecpf2c,https://www.reddit.com/r/FIREPakistan/comments/1ecpf2c/where_to_invest_5_million/,51,2024-07-26 19:26:00,Disastrous_Cherry_82,FIREPakistan
Taxation Guide on Mutual Fund,11,1ecl5xh,https://www.reddit.com/r/FIREPakistan/comments/1ecl5xh/taxation_guide_on_mutual_fund/,13,2024-07-26 15:55:52,obi_is_taken,FIREPakistan
What Budgeting app you guys uses?,10,1e99dht,https://www.reddit.com/r/FIREPakistan/comments/1e99dht/what_budgeting_app_you_guys_uses/,37,2024-07-22 13:46:51,obi_is_taken,FIREPakistan
Mutual Funds Recommendations,10,1e7w2ff,https://www.reddit.com/r/FIREPakistan/comments/1e7w2ff/mutual_funds_recommendations/,12,2024-07-20 18:49:19,ValuableWarthog4882,FIREPakistan
Investment Advice,11,1e29k6r,https://www.reddit.com/r/FIREPakistan/comments/1e29k6r/investment_advice/,29,2024-07-13 17:44:33,mereuthao,FIREPakistan
Mutual Fund Selector Tool,11,1dvxx9x,https://www.reddit.com/r/FIREPakistan/comments/1dvxx9x/mutual_fund_selector_tool/,6,2024-07-05 18:24:24,obi_is_taken,FIREPakistan
How to achieve FIRE (23M) ,10,1dqcs4p,https://www.reddit.com/r/FIREPakistan/comments/1dqcs4p/how_to_achieve_fire_23m/,14,2024-06-28 11:10:10,Ill-Protection9594,FIREPakistan
Need expert opinion on my selection of stocks.,8,1fh1xqa,https://www.reddit.com/r/FIREPakistan/comments/1fh1xqa/need_expert_opinion_on_my_selection_of_stocks/,22,2024-09-15 07:06:08,Party-Back-9381,FIREPakistan
Has anyone bought a house through Meezan Easy Home Islamic Home Financing?,9,1fgo09i,https://www.reddit.com/r/FIREPakistan/comments/1fgo09i/has_anyone_bought_a_house_through_meezan_easy/,21,2024-09-14 19:59:46,theyarenotlikeus,FIREPakistan
Opinions on DCR?,10,1feyuog,https://www.reddit.com/r/FIREPakistan/comments/1feyuog/opinions_on_dcr/,35,2024-09-12 15:02:10,Rend318,FIREPakistan
Best performing stock under PKR 5 on 9/9/24,9,1fdbuw1,https://www.reddit.com/r/FIREPakistan/comments/1fdbuw1/best_performing_stock_under_pkr_5_on_9924/,5,2024-09-10 12:04:31,mansari87,FIREPakistan
How Does Compounding Frequency Affect Mutual Fund Returns in the Long Run,9,1fcrz7a,https://www.reddit.com/r/FIREPakistan/comments/1fcrz7a/how_does_compounding_frequency_affect_mutual_fund/,9,2024-09-09 20:19:16,DragonfruitOk5401,FIREPakistan
Roast my Portfolio.,8,1f81x0y,https://www.reddit.com/gallery/1f81x0y,11,2024-09-03 19:52:26,ayushk222,FIREPakistan
Recommend me books on financial literacy and investments,9,1f3ys7k,https://www.reddit.com/r/FIREPakistan/comments/1f3ys7k/recommend_me_books_on_financial_literacy_and/,8,2024-08-29 15:14:11,Greedy_Deer6913,FIREPakistan
Investment Advice,10,1f3ubpe,https://www.reddit.com/r/FIREPakistan/comments/1f3ubpe/investment_advice/,29,2024-08-29 09:58:55,MrNightime,FIREPakistan
Starting investing in mutual funds,9,1eyienq,https://www.reddit.com/r/FIREPakistan/comments/1eyienq/starting_investing_in_mutual_funds/,10,2024-08-22 17:45:54,GamechangerMSH,FIREPakistan
Tax rate for filer in meezan investments,10,1eydegt,https://www.reddit.com/r/FIREPakistan/comments/1eydegt/tax_rate_for_filer_in_meezan_investments/,21,2024-08-22 12:37:17,truthseeker_92,FIREPakistan
BYD Cars,10,1ew5ga6,https://www.reddit.com/r/FIREPakistan/comments/1ew5ga6/byd_cars/,11,2024-08-19 20:58:07,hypocrite302,FIREPakistan
Al noor orchard file Scam or not?,9,1evx6ax,https://www.reddit.com/r/FIREPakistan/comments/1evx6ax/al_noor_orchard_file_scam_or_not/,30,2024-08-19 14:07:10,Background_Ad5224,FIREPakistan
How do I invest in Index Funds in Pakistan?,10,1euufc6,https://www.reddit.com/r/FIREPakistan/comments/1euufc6/how_do_i_invest_in_index_funds_in_pakistan/,2,2024-08-18 03:54:20,SmexyDepsiPepsi,FIREPakistan
Paradox of PSX,8,1esb9n4,https://www.reddit.com/r/FIREPakistan/comments/1esb9n4/paradox_of_psx/,25,2024-08-15 01:05:32,Supernatural--,FIREPakistan
Are there any people here who have FIRE'd between 35-45 age,8,1es7ny9,https://www.reddit.com/r/FIREPakistan/comments/1es7ny9/are_there_any_people_here_who_have_fired_between/,21,2024-08-14 22:31:11,StrikingLanguage,FIREPakistan
LearningüòÖ,9,1erhvpg,https://i.redd.it/i891o9ujnhid1.jpeg,2,2024-08-14 01:10:50,noorulhassan200,FIREPakistan
How Much Are You Invested in PSX?,10,1eklrvw,https://www.reddit.com/r/FIREPakistan/comments/1eklrvw/how_much_are_you_invested_in_psx/,9,2024-08-05 16:49:39,bhaiijaan,FIREPakistan
Islamic banking: how does the profit sharing work?,10,1efpfub,https://www.reddit.com/r/FIREPakistan/comments/1efpfub/islamic_banking_how_does_the_profit_sharing_work/,14,2024-07-30 14:58:50,da_baloch,FIREPakistan
What should I invest in ,9,1eat3lx,https://www.reddit.com/r/FIREPakistan/comments/1eat3lx/what_should_i_invest_in/,17,2024-07-24 10:02:32,Blossom_1205,FIREPakistan
"Which business I can do with 1500000 Pkr (5,396.64 $).",9,1e5dkql,https://www.reddit.com/r/FIREPakistan/comments/1e5dkql/which_business_i_can_do_with_1500000_pkr_539664/,69,2024-07-17 14:06:29,codewithhassan,FIREPakistan
What to do with 100k as a student,8,1e45cce,https://www.reddit.com/r/FIREPakistan/comments/1e45cce/what_to_do_with_100k_as_a_student/,17,2024-07-16 01:31:03,None,FIREPakistan
What's the Best Investment for me,10,1e3w6r3,https://www.reddit.com/r/FIREPakistan/comments/1e3w6r3/whats_the_best_investment_for_me/,5,2024-07-15 19:29:15,obi_is_taken,FIREPakistan
How much does one need to FIRE in Pakistan? ,10,1e0vw4o,https://www.reddit.com/r/FIREPakistan/comments/1e0vw4o/how_much_does_one_need_to_fire_in_pakistan/,17,2024-07-11 23:24:57,None,FIREPakistan
dA stOcK mArKEt iS a sCAm people kahan hein,11,1dtq28a,https://i.redd.it/qh15aaitt4ad1.jpeg,14,2024-07-02 21:28:18,OmegaBrainNihari,FIREPakistan
What is FI/RE?,9,1c7q53b,https://www.reddit.com/r/FIREPakistan/comments/1c7q53b/what_is_fire/,0,2024-04-19 11:39:11,OmegaBrainNihari,FIREPakistan
Hopeless broker experience in opening account for overseas Pakistanis,9,1fju5k1,https://www.reddit.com/r/FIREPakistan/comments/1fju5k1/hopeless_broker_experience_in_opening_account_for/,12,2024-09-18 19:27:21,TheRationalPaki,FIREPakistan
"Is every bank shifting to islamic banking? I went to couple of banks today to get a savings account but they were like we don't open conventional account, we only have islamic savings account. I went to a normal UBL branch. I double checked and it was a normal UBL, not UBL Ameen.",9,1fdtben,https://www.reddit.com/r/FIREPakistan/comments/1fdtben/is_every_bank_shifting_to_islamic_banking_i_went/,43,2024-09-11 02:23:20,Artistic_Basis2714,FIREPakistan
Becoming a filer in Pakistan ,9,1fdln15,https://www.reddit.com/r/FIREPakistan/comments/1fdln15/becoming_a_filer_in_pakistan/,24,2024-09-10 21:08:35,Few_Draw_7585,FIREPakistan
How to invest in psx?,9,1fbtjf1,https://www.reddit.com/r/FIREPakistan/comments/1fbtjf1/how_to_invest_in_psx/,7,2024-09-08 14:04:35,lone-wolf0903,FIREPakistan
EFERT seems quite undervalued,9,1fb4w4d,https://www.reddit.com/r/FIREPakistan/comments/1fb4w4d/efert_seems_quite_undervalued/,10,2024-09-07 16:37:02,Puzzleheaded_Bad_573,FIREPakistan
Bank Locker's Safety in Pakistan,7,1fa6mwi,https://www.reddit.com/r/FIREPakistan/comments/1fa6mwi/bank_lockers_safety_in_pakistan/,18,2024-09-06 09:27:39,seth_of_kachra,FIREPakistan
What to do with 4.5m in cash? ,8,1f81c6i,https://www.reddit.com/r/FIREPakistan/comments/1f81c6i/what_to_do_with_45m_in_cash/,29,2024-09-03 19:28:16,wtfkanz,FIREPakistan
Emergency Fund in Mutual funds instead of saving account,9,1f7be89,https://www.reddit.com/r/FIREPakistan/comments/1f7be89/emergency_fund_in_mutual_funds_instead_of_saving/,11,2024-09-02 21:43:08,deadly-struggles,FIREPakistan
Want to invest in Meezan bank,8,1f78p6q,https://www.reddit.com/r/FIREPakistan/comments/1f78p6q/want_to_invest_in_meezan_bank/,1,2024-09-02 19:53:02,No_Bookkeeper1269,FIREPakistan
Meezan Savings Accoung,8,1f67dzf,https://www.reddit.com/r/FIREPakistan/comments/1f67dzf/meezan_savings_accoung/,16,2024-09-01 10:49:28,KitchenChampionship7,FIREPakistan
Real Estate vs Stocks/Mutual Funds for Investment yield in 5 yr cycle.,8,1f5s2cs,https://www.reddit.com/r/FIREPakistan/comments/1f5s2cs/real_estate_vs_stocksmutual_funds_for_investment/,9,2024-08-31 22:02:35,moral_mortal,FIREPakistan
"I would buy 1,700 shares of SAZEW",8,1f5anwv,https://i.redd.it/drlasasn9wld1.png,6,2024-08-31 05:31:25,OmegaBrainNihari,FIREPakistan
Help me understand discrepency - LUCK (Lucky Cement Ltd),8,1f2ebgw,https://www.reddit.com/r/FIREPakistan/comments/1f2ebgw/help_me_understand_discrepency_luck_lucky_cement/,14,2024-08-27 16:08:26,khandayyanz,FIREPakistan
Investment Guidance Required,9,1etpk71,https://www.reddit.com/r/FIREPakistan/comments/1etpk71/investment_guidance_required/,15,2024-08-16 19:01:23,lueliving,FIREPakistan
PSX Stocks Portfolio,9,1es0x5j,https://www.reddit.com/r/FIREPakistan/comments/1es0x5j/psx_stocks_portfolio/,11,2024-08-14 17:57:34,Helpful_Phrase_7352,FIREPakistan
How to become a filer?,7,1eryv7f,https://www.reddit.com/r/FIREPakistan/comments/1eryv7f/how_to_become_a_filer/,30,2024-08-14 16:11:06,Complete_Ad7594,FIREPakistan
ü•≤,7,1eqlyp9,https://i.redd.it/6nine8ix4aid1.jpeg,6,2024-08-12 23:52:35,attituderex,FIREPakistan
Non-Filer Slab tax getting deducted - Awareness Post,8,1emy5o9,https://www.reddit.com/r/FIREPakistan/comments/1emy5o9/nonfiler_slab_tax_getting_deducted_awareness_post/,15,2024-08-08 10:42:22,FruitImportant2690,FIREPakistan
Who are the top 10% individual investors by Value in PSX?,8,1ek4uza,https://www.reddit.com/r/FIREPakistan/comments/1ek4uza/who_are_the_top_10_individual_investors_by_value/,2,2024-08-05 01:21:09,FinanceAnsari,FIREPakistan
How to invest as a 17 year old,8,1ehtmoc,https://www.reddit.com/r/FIREPakistan/comments/1ehtmoc/how_to_invest_as_a_17_year_old/,16,2024-08-02 03:21:55,dobbyisfreeelf-,FIREPakistan
Looking for some great advice as i feel like on daily basis that i am killing my own self,8,1ef3jz8,https://www.reddit.com/r/FIREPakistan/comments/1ef3jz8/looking_for_some_great_advice_as_i_feel_like_on/,4,2024-07-29 21:14:13,Capital-Middle-9086,FIREPakistan
I have 10Lacs saved should I keep them in Mutual Funds?,8,1ecuqup,https://www.reddit.com/r/FIREPakistan/comments/1ecuqup/i_have_10lacs_saved_should_i_keep_them_in_mutual/,17,2024-07-26 23:05:33,HeightCareful,FIREPakistan
Mutual Funds or Mahaana ?,8,1e7u07v,https://www.reddit.com/r/FIREPakistan/comments/1e7u07v/mutual_funds_or_mahaana/,31,2024-07-20 16:59:47,WatercressSpirited39,FIREPakistan
Need high monthly return,9,1e7thah,https://www.reddit.com/r/FIREPakistan/comments/1e7thah/need_high_monthly_return/,15,2024-07-20 16:26:44,arbab002,FIREPakistan
'Researching' companies for stock trading? ,8,1e4kdbd,https://www.reddit.com/r/FIREPakistan/comments/1e4kdbd/researching_companies_for_stock_trading/,6,2024-07-16 14:32:04,Hadebones,FIREPakistan
The economy is in the dumps. What asset classes have stood the test of time?,8,1e2jrvz,https://profit.pakistantoday.com.pk/2024/07/08/the-economy-is-in-the-dumps-what-asset-classes-have-stood-the-test-of-time/,5,2024-07-14 01:20:00,OmegaBrainNihari,FIREPakistan
Need investment advice (I‚Äôm noob),8,1dwlbe2,https://www.reddit.com/r/FIREPakistan/comments/1dwlbe2/need_investment_advice_im_noob/,5,2024-07-06 13:55:04,Longjumping-Back-499,FIREPakistan
Feedback on Portfolio ,7,1fib8c7,https://i.redd.it/mq0lq2rpm7pd1.png,10,2024-09-16 22:55:50,moezniazi,FIREPakistan
Government proposals to broaden the tax-net,8,1ffqu68,https://www.reddit.com/r/FIREPakistan/comments/1ffqu68/government_proposals_to_broaden_the_taxnet/,15,2024-09-13 14:50:43,chadwithaheart,FIREPakistan
Interest Rate Cut ,7,1f8uhik,https://www.reddit.com/r/FIREPakistan/comments/1f8uhik/interest_rate_cut/,16,2024-09-04 19:17:40,zerak37,FIREPakistan
‚ÄòExorbitant‚Äô Islamic bank charges come under spotlight,8,1f8pptx,https://www.dawn.com/news/1855388,2,2024-09-04 15:20:23,chadwithaheart,FIREPakistan
Need a Comprehensive Guide,8,1f74vp7,https://www.reddit.com/r/FIREPakistan/comments/1f74vp7/need_a_comprehensive_guide/,3,2024-09-02 16:54:41,BuddyTrollsten,FIREPakistan
"New investor: I put 50k into MSF yesterday. Today, the value is 49,432k. What does that mean?",6,1f49vrt,https://www.reddit.com/r/FIREPakistan/comments/1f49vrt/new_investor_i_put_50k_into_msf_yesterday_today/,20,2024-08-29 23:34:29,WatercressSpirited39,FIREPakistan
Front end load,7,1f0vjn7,https://www.reddit.com/r/FIREPakistan/comments/1f0vjn7/front_end_load/,27,2024-08-25 17:47:38,HamsterOk484,FIREPakistan
Gold or Al Meezan's sovereign fund?,7,1eyksew,https://www.reddit.com/r/FIREPakistan/comments/1eyksew/gold_or_al_meezans_sovereign_fund/,8,2024-08-22 19:30:53,pmingforunban,FIREPakistan
Got 5lac to invest into stocks ,8,1eyf83i,https://www.reddit.com/r/FIREPakistan/comments/1eyf83i/got_5lac_to_invest_into_stocks/,1,2024-08-22 14:45:13,Murtaza1350,FIREPakistan
Do I need to file returns for previous years as a 18 Y/O filer?,7,1ev8w29,https://i.redd.it/ev7ad5le9fjd1.png,7,2024-08-18 18:10:42,ahmistaken01,FIREPakistan
Today market summar sector wise 16/08/2024,6,1etqkw8,https://www.reddit.com/gallery/1etqcg0,1,2024-08-16 19:42:09,Ju9aid,FIREPakistan
Which Mutual Fund company to choose?,8,1er9pz6,https://www.reddit.com/r/FIREPakistan/comments/1er9pz6/which_mutual_fund_company_to_choose/,4,2024-08-13 19:45:48,Hndaskvi,FIREPakistan
"Newbie here, apps for trading",7,1er190s,https://www.reddit.com/r/FIREPakistan/comments/1er190s/newbie_here_apps_for_trading/,5,2024-08-13 11:55:27,IMEngineer14,FIREPakistan
Is Islamic investment really that shara'i and Islamic? ,6,1er0sjt,https://www.reddit.com/r/FIREPakistan/comments/1er0sjt/is_islamic_investment_really_that_sharai_and/,15,2024-08-13 11:23:51,WatercressSpirited39,FIREPakistan
Individual stocks vs ETF,7,1eqta0c,https://www.reddit.com/r/FIREPakistan/comments/1eqta0c/individual_stocks_vs_etf/,11,2024-08-13 04:50:44,Longjumping-Back-499,FIREPakistan
Mutual Funds Vs Stocks,8,1eqbs0x,https://www.reddit.com/r/FIREPakistan/comments/1eqbs0x/mutual_funds_vs_stocks/,15,2024-08-12 16:58:41,pistaLavista,FIREPakistan
Must Watch - about Investing Stock Market (PSX),7,1eo38yh,https://www.reddit.com/r/FIREPakistan/comments/1eo38yh/must_watch_about_investing_stock_market_psx/,0,2024-08-09 20:52:05,khandayyanz,FIREPakistan
Confused about investing in PSX. Need advice.,7,1ek4c3i,https://www.reddit.com/r/FIREPakistan/comments/1ek4c3i/confused_about_investing_in_psx_need_advice/,9,2024-08-05 00:58:58,theguyfrom340,FIREPakistan
Where should you invest your money? A comparison of different asset classes for everyone.,6,1efmlxq,/r/pakistan/comments/1efmldq/where_should_you_invest_your_money_a_comparison/,0,2024-07-30 11:41:58,Nerd-Explorer,FIREPakistan
What to do with the little money I have saved?,7,1ef5rq4,https://www.reddit.com/r/FIREPakistan/comments/1ef5rq4/what_to_do_with_the_little_money_i_have_saved/,24,2024-07-29 22:43:07,pmingforunban,FIREPakistan
Investment Alternatives,7,1edb2be,https://www.reddit.com/r/FIREPakistan/comments/1edb2be/investment_alternatives/,48,2024-07-27 12:54:53,packhussain,FIREPakistan
Best Credit card,7,1ea5ods,https://www.reddit.com/r/FIREPakistan/comments/1ea5ods/best_credit_card/,26,2024-07-23 16:40:13,Reasonable-Age7768,FIREPakistan
Best stocks for long term holding ideally 5-10 years?,7,1e6y7ws,https://www.reddit.com/r/FIREPakistan/comments/1e6y7ws/best_stocks_for_long_term_holding_ideally_510/,17,2024-07-19 12:47:49,Nerd-Explorer,FIREPakistan
Does Bike retains/increase its value like a car in Pakistan(if maintained)?,7,1e4y7c3,https://www.reddit.com/r/FIREPakistan/comments/1e4y7c3/does_bike_retainsincrease_its_value_like_a_car_in/,13,2024-07-17 00:57:40,halflol110,FIREPakistan
Tutor to get started in investing,8,1e37avq,https://www.reddit.com/r/FIREPakistan/comments/1e37avq/tutor_to_get_started_in_investing/,19,2024-07-14 22:04:02,Early_Patience_6513,FIREPakistan
Where can i learn about taxes?,7,1e0uw35,https://www.reddit.com/r/FIREPakistan/comments/1e0uw35/where_can_i_learn_about_taxes/,18,2024-07-11 22:43:15,None,FIREPakistan
What does your portfolio look like?,7,1dztxei,https://www.reddit.com/r/FIREPakistan/comments/1dztxei/what_does_your_portfolio_look_like/,17,2024-07-10 16:57:12,snippedandfried,FIREPakistan
Systematic Investment Plan (SIP) 101,8,1dzpzkg,https://www.reddit.com/r/FIREPakistan/comments/1dzpzkg/systematic_investment_plan_sip_101/,3,2024-07-10 12:44:50,obi_is_taken,FIREPakistan
Reviews about DaoProp Tech,7,1fj1l6q,https://www.reddit.com/r/FIREPakistan/comments/1fj1l6q/reviews_about_daoprop_tech/,8,2024-09-17 20:04:59,AdventurousHat7255,FIREPakistan
Is this a good time to invest in Assets? ,5,1fiq56g,https://www.reddit.com/r/FIREPakistan/comments/1fiq56g/is_this_a_good_time_to_invest_in_assets/,22,2024-09-17 09:42:01,pistaLavista,FIREPakistan
Feedback on portfolio for long-term ,6,1fig37u,https://www.reddit.com/gallery/1fig37u,10,2024-09-17 02:10:34,Murtaza1350,FIREPakistan
How many of you are trading in PSX and is it worth to start out as a beginner?,6,1fhkdzu,https://www.reddit.com/r/FIREPakistan/comments/1fhkdzu/how_many_of_you_are_trading_in_psx_and_is_it/,17,2024-09-16 00:06:37,Sammogs,FIREPakistan
Mahaana save+,5,1f9w8o9,https://www.reddit.com/r/FIREPakistan/comments/1f9w8o9/mahaana_save/,5,2024-09-06 01:14:31,Low_Position_9969,FIREPakistan
SAZEW: Aug-24 marks 2nd highest monthly SUV sale‚Äôs,6,1f9k8kc,https://i.redd.it/qebqh7tz8zmd1.jpeg,1,2024-09-05 16:36:39,OmegaBrainNihari,FIREPakistan
How do i invest in US Etfs,6,1f8sear,https://www.reddit.com/r/FIREPakistan/comments/1f8sear/how_do_i_invest_in_us_etfs/,8,2024-09-04 17:45:55,Superb-Dot-255,FIREPakistan
I need some advice,7,1f83556,https://www.reddit.com/r/FIREPakistan/comments/1f83556/i_need_some_advice/,29,2024-09-03 20:42:25,bilalfaridi2005,FIREPakistan
How many of you trade at PMEX?,6,1f5f93y,https://www.reddit.com/r/FIREPakistan/comments/1f5f93y/how_many_of_you_trade_at_pmex/,9,2024-08-31 09:43:12,babaz7,FIREPakistan
Need advice regarding investings.,7,1ezz7o9,https://www.reddit.com/r/FIREPakistan/comments/1ezz7o9/need_advice_regarding_investings/,12,2024-08-24 11:57:24,Wealthytwat,FIREPakistan
PSX API,6,1ezeisr,https://www.reddit.com/r/FIREPakistan/comments/1ezeisr/psx_api/,9,2024-08-23 19:43:05,lachupakapra,FIREPakistan
Insider Trading List ,7,1eyowte,https://www.reddit.com/r/FIREPakistan/comments/1eyowte/insider_trading_list/,2,2024-08-22 22:13:19,Usual_Philosopher_43,FIREPakistan
Can anyone guide me about being a filler?,7,1eye6q3,https://www.reddit.com/r/FIREPakistan/comments/1eye6q3/can_anyone_guide_me_about_being_a_filler/,13,2024-08-22 13:33:36,Next-Quantity3883,FIREPakistan
Need Investment advice,6,1exal3k,https://www.reddit.com/r/FIREPakistan/comments/1exal3k/need_investment_advice/,6,2024-08-21 04:35:06,FragrantPineapple359,FIREPakistan
Where to invest 300-350k,7,1ex6qb4,https://www.reddit.com/r/FIREPakistan/comments/1ex6qb4/where_to_invest_300350k/,18,2024-08-21 01:53:51,One-Needleworker-336,FIREPakistan
Which is good option ,6,1ex5lzn,https://www.reddit.com/r/FIREPakistan/comments/1ex5lzn/which_is_good_option/,18,2024-08-21 01:09:25,umangkumar22,FIREPakistan
Guide to investing 14 Tola Gold in halal ways/options?,6,1ew7zd5,https://www.reddit.com/r/FIREPakistan/comments/1ew7zd5/guide_to_investing_14_tola_gold_in_halal/,6,2024-08-19 22:38:44,mohaviaarif,FIREPakistan
app for investing in psx,6,1euntpj,https://www.reddit.com/r/FIREPakistan/comments/1euntpj/app_for_investing_in_psx/,13,2024-08-17 22:59:14,Ok_Description2370,FIREPakistan
Today KSE100 psx ,6,1esxfyi,https://i.redd.it/1ykiofkzbuid1.jpeg,1,2024-08-15 20:02:19,Ju9aid,FIREPakistan
MIIETF,7,1essbd5,https://www.reddit.com/r/FIREPakistan/comments/1essbd5/miietf/,9,2024-08-15 16:03:51,WatercressSpirited39,FIREPakistan
How to save small amount!,6,1es11a6,https://www.reddit.com/r/FIREPakistan/comments/1es11a6/how_to_save_small_amount/,17,2024-08-14 18:02:38,Next-Quantity3883,FIREPakistan
Let's start a thread on easy investments,5,1er2p2d,https://www.reddit.com/r/FIREPakistan/comments/1er2p2d/lets_start_a_thread_on_easy_investments/,7,2024-08-13 13:34:24,sewabs,FIREPakistan
Funding IBKR,6,1eoa7ji,https://www.reddit.com/r/FIREPakistan/comments/1eoa7ji/funding_ibkr/,11,2024-08-10 01:33:43,Every-91,FIREPakistan
Mods.,6,1enwnj8,https://www.reddit.com/r/FIREPakistan/comments/1enwnj8/mods/,5,2024-08-09 15:51:53,NotTalhaEjaz,FIREPakistan
Just need a little help/advice ,5,1ensujg,https://www.reddit.com/gallery/1ensujg,2,2024-08-09 11:36:20,muggie-amsal,FIREPakistan
27 yo need some financial/saving advise from people smarter than mr,7,1ensfuh,https://www.reddit.com/r/FIREPakistan/comments/1ensfuh/27_yo_need_some_financialsaving_advise_from/,13,2024-08-09 11:10:09,None,FIREPakistan
Is easypaisa savings acc reliable or will my money mysteriously disappear?,5,1emkvl2,https://i.redd.it/f822r4g8mahd1.png,12,2024-08-08 00:25:25,HitThatOxytocin,FIREPakistan
What's going with LPGL? ,5,1em6ojg,https://www.reddit.com/gallery/1em6ojg,6,2024-08-07 13:38:31,tambar021,FIREPakistan
Invest in PSX for the long term,6,1ejgemw,https://www.reddit.com/r/FIREPakistan/comments/1ejgemw/invest_in_psx_for_the_long_term/,33,2024-08-04 03:57:01,Rend318,FIREPakistan
Best option for me,7,1ej3jng,https://www.reddit.com/r/FIREPakistan/comments/1ej3jng/best_option_for_me/,5,2024-08-03 18:37:26,Sea-Significance8803,FIREPakistan
Investment Journey,5,1ehs1v3,https://www.reddit.com/r/FIREPakistan/comments/1ehs1v3/investment_journey/,2,2024-08-02 02:14:52,zeejay1010,FIREPakistan
Noobie Question time - Dividends,6,1ehedtv,https://www.reddit.com/r/FIREPakistan/comments/1ehedtv/noobie_question_time_dividends/,7,2024-08-01 16:33:07,Longjumping-Back-499,FIREPakistan
Mutual Funds ,6,1ehdmp2,https://www.reddit.com/r/FIREPakistan/comments/1ehdmp2/mutual_funds/,11,2024-08-01 15:49:34,Yourdaddy1497,FIREPakistan
Mutual Funds or Dollar,6,1ehaqps,https://www.reddit.com/r/FIREPakistan/comments/1ehaqps/mutual_funds_or_dollar/,45,2024-08-01 12:35:11,intikhabmehdi,FIREPakistan
"Real Estate, Gold or Stock Exchange; Which is the best investment? | Interview with Laeeq Ahmad",7,1eh2xc3,https://youtu.be/6XVjNI2wBhk?,0,2024-08-01 05:20:31,Vegetable-Aside8544,FIREPakistan
Passive income Ideas,6,1efcd30,https://www.reddit.com/r/FIREPakistan/comments/1efcd30/passive_income_ideas/,33,2024-07-30 03:04:40,Longjumping-Back-499,FIREPakistan
Is it even safe to invest in Pakistan,7,1eexatx,https://www.reddit.com/r/FIREPakistan/comments/1eexatx/is_it_even_safe_to_invest_in_pakistan/,46,2024-07-29 16:38:42,muhammadHamaz,FIREPakistan
Got 1.4 lacs PKR and would wish to put this to good use.,6,1ee3hz9,https://www.reddit.com/r/FIREPakistan/comments/1ee3hz9/got_14_lacs_pkr_and_would_wish_to_put_this_to/,4,2024-07-28 14:23:31,Particular_Setting31,FIREPakistan
Need Suggestions ,6,1ec8zqe,https://www.reddit.com/r/FIREPakistan/comments/1ec8zqe/need_suggestions/,9,2024-07-26 04:13:39,boss-hammer576,FIREPakistan
Life philosophy?,5,1ebt45h,https://www.reddit.com/r/FIREPakistan/comments/1ebt45h/life_philosophy/,2,2024-07-25 17:01:28,Longjumping-Back-499,FIREPakistan
What to do next need advice???,6,1e9g35p,https://www.reddit.com/r/FIREPakistan/comments/1e9g35p/what_to_do_next_need_advice/,11,2024-07-22 19:45:54,Desperate-Setting-60,FIREPakistan
How to earn as a Medical Student?,7,1e7uh11,https://www.reddit.com/r/FIREPakistan/comments/1e7uh11/how_to_earn_as_a_medical_student/,11,2024-07-20 17:25:46,Muhammad-Ali97,FIREPakistan
How to earn as a medstudent ? ,6,1e7bkjj,https://www.reddit.com/r/FIREPakistan/comments/1e7bkjj/how_to_earn_as_a_medstudent/,17,2024-07-20 00:02:08,Consistent_Sir6042,FIREPakistan
Thoughts on Finqalab and Maahana.com?,6,1e6oiq7,https://www.reddit.com/r/FIREPakistan/comments/1e6oiq7/thoughts_on_finqalab_and_maahanacom/,27,2024-07-19 03:50:46,da_baloch,FIREPakistan
Where should I invest,5,1e5jl5l,https://www.reddit.com/r/FIREPakistan/comments/1e5jl5l/where_should_i_invest/,18,2024-07-17 19:28:49,Important_Phone_9552,FIREPakistan
advice needed.,7,1e40dv9,https://www.reddit.com/r/FIREPakistan/comments/1e40dv9/advice_needed/,16,2024-07-15 22:16:44,Only-Way-8840,FIREPakistan
Need startup idea validation ,5,1e3mw9b,https://www.reddit.com/r/FIREPakistan/comments/1e3mw9b/need_startup_idea_validation/,21,2024-07-15 10:24:56,Intelligent-Food-530,FIREPakistan
Has anyone used Elphinstone & Finqalab? - thoughts?,5,1e30kyj,https://www.reddit.com/r/FIREPakistan/comments/1e30kyj/has_anyone_used_elphinstone_finqalab_thoughts/,14,2024-07-14 16:58:53,Sad_Inflation1959,FIREPakistan
Need investment advice (complete beginner),6,1e2lllf,https://www.reddit.com/r/FIREPakistan/comments/1e2lllf/need_investment_advice_complete_beginner/,5,2024-07-14 02:41:53,AttentionEcstatic556,FIREPakistan
How to buy stocks in PSX,6,1e0jn7g,https://www.reddit.com/r/FIREPakistan/comments/1e0jn7g/how_to_buy_stocks_in_psx/,7,2024-07-11 13:09:24,mereuthao,FIREPakistan
"For a newb, how time consuming is learning about and practicing investing?",6,1dwn5kq,https://www.reddit.com/r/FIREPakistan/comments/1dwn5kq/for_a_newb_how_time_consuming_is_learning_about/,6,2024-07-06 16:07:36,EuphoricAly5,FIREPakistan
How to begin investing ,5,1fkezbg,https://www.reddit.com/r/FIREPakistan/comments/1fkezbg/how_to_begin_investing/,3,2024-09-19 12:10:51,Secret_Yak3540,FIREPakistan
Should I become a filer?,4,1fk6aib,https://www.reddit.com/r/FIREPakistan/comments/1fk6aib/should_i_become_a_filer/,26,2024-09-19 04:05:10,Curious-Tea-5317,FIREPakistan
Should i buy EFERT right now?,5,1fjtner,https://i.redd.it/bx1wfp6grkpd1.jpeg,7,2024-09-18 19:05:34,Greedy_Deer6913,FIREPakistan
PSX ka dhoka uff uff,6,1fi507g,https://i.redd.it/8wslsehtd6pd1.png,10,2024-09-16 18:44:13,OmegaBrainNihari,FIREPakistan
How to become filer as freelancer,5,1fcibsm,https://www.reddit.com/r/FIREPakistan/comments/1fcibsm/how_to_become_filer_as_freelancer/,9,2024-09-09 10:42:53,aliyark145,FIREPakistan
Task on dividend stock?,6,1falkm6,https://www.reddit.com/r/FIREPakistan/comments/1falkm6/task_on_dividend_stock/,5,2024-09-06 22:58:10,Weary-Definition-100,FIREPakistan
Serious advice for an ambitious student 18M,5,1f7a0yu,https://www.reddit.com/r/FIREPakistan/comments/1f7a0yu/serious_advice_for_an_ambitious_student_18m/,2,2024-09-02 20:47:28,ToogudfryouXD,FIREPakistan
Need Advice for Long Term Investment,4,1f6jmji,https://www.reddit.com/r/FIREPakistan/comments/1f6jmji/need_advice_for_long_term_investment/,9,2024-09-01 22:13:20,bibitty_babatty_boo-,FIREPakistan
Alpaca for investing in S & P 500?,5,1f6cy9d,https://www.reddit.com/r/FIREPakistan/comments/1f6cy9d/alpaca_for_investing_in_s_p_500/,26,2024-09-01 17:11:53,Formal_Explorer765,FIREPakistan
Advice/Suggestions on current investment plan,6,1f6co23,https://www.reddit.com/r/FIREPakistan/comments/1f6co23/advicesuggestions_on_current_investment_plan/,9,2024-09-01 16:55:36,da_baloch,FIREPakistan
"First time investing, need some advise ! ",4,1f5vfci,https://www.reddit.com/r/FIREPakistan/comments/1f5vfci/first_time_investing_need_some_advise/,12,2024-09-01 00:31:11,n-truder,FIREPakistan
Any way to buy MARI on EX DATE?,5,1f3j0uy,https://www.reddit.com/r/FIREPakistan/comments/1f3j0uy/any_way_to_buy_mari_on_ex_date/,13,2024-08-29 00:29:00,pichu988,FIREPakistan
HUBCO and BYD: Potential for Long-Term Investment?,5,1f39u5f,https://www.reddit.com/r/FIREPakistan/comments/1f39u5f/hubco_and_byd_potential_for_longterm_investment/,8,2024-08-28 18:12:20,BurgerBuoy,FIREPakistan
Mutual Fund advice,5,1ezhfqr,https://www.reddit.com/r/FIREPakistan/comments/1ezhfqr/mutual_fund_advice/,15,2024-08-23 21:41:34,Ebad_Malik,FIREPakistan
Need help regarding the risk factor of Meezan Investments.,6,1exni8p,https://www.reddit.com/r/FIREPakistan/comments/1exni8p/need_help_regarding_the_risk_factor_of_meezan/,2,2024-08-21 16:47:42,Artistic_Basis2714,FIREPakistan
CGP - Centralized Gateway Portal,4,1etk4la,https://www.reddit.com/r/FIREPakistan/comments/1etk4la/cgp_centralized_gateway_portal/,1,2024-08-16 14:10:57,surgeonatarms,FIREPakistan
Should I Invest In Mutual Funds or Make My Own Portfolio?,5,1eq838y,https://www.reddit.com/r/FIREPakistan/comments/1eq838y/should_i_invest_in_mutual_funds_or_make_my_own/,9,2024-08-12 13:07:43,Important_Phone_9552,FIREPakistan
Is Mahaana a scam,6,1eq5ke2,https://www.reddit.com/r/FIREPakistan/comments/1eq5ke2/is_mahaana_a_scam/,9,2024-08-12 10:21:29,Sea-Significance8803,FIREPakistan
Investing Tips,5,1eims7z,https://www.reddit.com/r/FIREPakistan/comments/1eims7z/investing_tips/,2,2024-08-03 03:10:22,Possible_Annual_7990,FIREPakistan
investing in newyork stock exchange,4,1efzshz,https://www.reddit.com/r/FIREPakistan/comments/1efzshz/investing_in_newyork_stock_exchange/,7,2024-07-30 22:48:14,Bossmanit,FIREPakistan
18M investing advice needed,5,1ecigrm,https://www.reddit.com/r/FIREPakistan/comments/1ecigrm/18m_investing_advice_needed/,13,2024-07-26 12:52:32,ThemePerfect7390,FIREPakistan
19 Y/O looking to start investing ,6,1ebnxv1,https://www.reddit.com/r/FIREPakistan/comments/1ebnxv1/19_yo_looking_to_start_investing/,21,2024-07-25 11:26:30,Desperate_Grocery_66,FIREPakistan
Just got a PSX account ,4,1eb9g8n,https://www.reddit.com/r/FIREPakistan/comments/1eb9g8n/just_got_a_psx_account/,46,2024-07-24 23:56:55,Rickrollerpatroller,FIREPakistan
Need Help Depositing Money into Interactive Brokers from Pakistan,4,1ea5gi5,https://www.reddit.com/r/FIREPakistan/comments/1ea5gi5/need_help_depositing_money_into_interactive/,13,2024-07-23 16:27:44,Anxious_Scarcity_384,FIREPakistan
ETF recommendations?,3,1e9zzph,https://www.reddit.com/r/FIREPakistan/comments/1e9zzph/etf_recommendations/,3,2024-07-23 10:34:06,Formal_Explorer765,FIREPakistan
Questions about GST,5,1e8kc75,https://www.reddit.com/r/FIREPakistan/comments/1e8kc75/questions_about_gst/,0,2024-07-21 16:37:18,None,FIREPakistan
Thoughts on real estate as an investment?,5,1e308db,https://www.reddit.com/r/FIREPakistan/comments/1e308db/thoughts_on_real_estate_as_an_investment/,12,2024-07-14 16:39:04,snippedandfried,FIREPakistan
Difference between inteqal and registry?,5,1dzw28s,https://www.reddit.com/r/FIREPakistan/comments/1dzw28s/difference_between_inteqal_and_registry/,19,2024-07-10 18:40:23,Typical_Ad9216,FIREPakistan
Budgeting Basic Rule,6,1dzocy6,https://www.reddit.com/r/FIREPakistan/comments/1dzocy6/budgeting_basic_rule/,3,2024-07-10 10:57:00,obi_is_taken,FIREPakistan
Are saving accounts a good option?,5,1dspe3h,https://www.reddit.com/r/FIREPakistan/comments/1dspe3h/are_saving_accounts_a_good_option/,4,2024-07-01 15:09:33,waleednoinfidel,FIREPakistan
Need help in becoming a filer,3,1fjzz0a,https://www.reddit.com/r/FIREPakistan/comments/1fjzz0a/need_help_in_becoming_a_filer/,18,2024-09-18 23:30:30,GandalfNeededGlasses,FIREPakistan
Should I invest my money in a PKR savings account?,4,1fjpz3n,https://www.reddit.com/r/FIREPakistan/comments/1fjpz3n/should_i_invest_my_money_in_a_pkr_savings_account/,23,2024-09-18 15:59:24,writenightskies,FIREPakistan
Commercial Properties for Investment,4,1fha1x0,https://www.reddit.com/r/FIREPakistan/comments/1fha1x0/commercial_properties_for_investment/,9,2024-09-15 16:08:31,deltapak,FIREPakistan
Impact of rate cuts on markets.,5,1ffshna,https://www.reddit.com/r/FIREPakistan/comments/1ffshna/impact_of_rate_cuts_on_markets/,5,2024-09-13 16:35:32,Mammoth_Mycologist67,FIREPakistan
is islamic banking in pakistan actually islamic?,4,1ffdzoi,https://www.reddit.com/r/FIREPakistan/comments/1ffdzoi/is_islamic_banking_in_pakistan_actually_islamic/,4,2024-09-13 02:29:35,Dry_Reputation2366,FIREPakistan
Insight / Assistance Needed with Meezan!,3,1feut0d,https://www.reddit.com/r/FIREPakistan/comments/1feut0d/insight_assistance_needed_with_meezan/,10,2024-09-12 10:09:56,Useful_Specific_1491,FIREPakistan
NTN Registration and Tax Returns ,4,1fe570u,https://www.reddit.com/r/FIREPakistan/comments/1fe570u/ntn_registration_and_tax_returns/,31,2024-09-11 13:29:47,Bluehues_,FIREPakistan
Can Any one help me understand what this is and does this help me with my tax situation ?,4,1fckr3t,https://www.reddit.com/r/FIREPakistan/comments/1fckr3t/can_any_one_help_me_understand_what_this_is_and/,10,2024-09-09 13:45:15,memers_meme123,FIREPakistan
"Aside from Wise (Transferwise), what other options are there to open an international personal account?",4,1fbdkmp,https://www.reddit.com/r/FIREPakistan/comments/1fbdkmp/aside_from_wise_transferwise_what_other_options/,4,2024-09-07 23:23:37,SMAT1994,FIREPakistan
New to PSX,5,1fb5mvl,https://www.reddit.com/r/FIREPakistan/comments/1fb5mvl/new_to_psx/,11,2024-09-07 17:20:18,anasaamir,FIREPakistan
MDF or AMMF for next 5-10 years?,4,1fa9agw,https://www.reddit.com/r/FIREPakistan/comments/1fa9agw/mdf_or_ammf_for_next_510_years/,16,2024-09-06 12:21:18,Party-Back-9381,FIREPakistan
Top active stocks psx 05/09/2024,4,1f9koxg,https://i.redd.it/8n7mrh07dzmd1.jpeg,7,2024-09-05 17:01:31,Ju9aid,FIREPakistan
Help a newbie out,5,1f91i57,https://www.reddit.com/r/FIREPakistan/comments/1f91i57/help_a_newbie_out/,8,2024-09-04 23:58:54,Vast_Ad5688,FIREPakistan
I need an Advice urgently,5,1f90pr7,https://www.reddit.com/r/FIREPakistan/comments/1f90pr7/i_need_an_advice_urgently/,10,2024-09-04 23:27:32,good_gamerr,FIREPakistan
Need to know...,4,1f73b18,https://www.reddit.com/r/FIREPakistan/comments/1f73b18/need_to_know/,20,2024-09-02 15:20:02,Wealthytwat,FIREPakistan
13% sales load on Faisal Sovereign Islamic Fund when bought from Emlaak.,4,1f5lra4,https://www.reddit.com/r/FIREPakistan/comments/1f5lra4/13_sales_load_on_faisal_sovereign_islamic_fund/,19,2024-08-31 17:08:11,moral_mortal,FIREPakistan
Filer vs Non Filer,5,1f5l2cy,https://www.reddit.com/r/FIREPakistan/comments/1f5l2cy/filer_vs_non_filer/,6,2024-08-31 16:26:22,ZoiBrownie395,FIREPakistan
Why is Interloop not performing these days?,4,1f47re5,https://www.reddit.com/r/FIREPakistan/comments/1f47re5/why_is_interloop_not_performing_these_days/,3,2024-08-29 22:08:53,miloshahpk,FIREPakistan
Can I use a mutual funds statement instead of a bank statement for a visa application?,3,1f45z74,https://www.reddit.com/r/FIREPakistan/comments/1f45z74/can_i_use_a_mutual_funds_statement_instead_of_a/,4,2024-08-29 20:56:23,nodice14,FIREPakistan
Any idea about authenticity of JS Global Capital Ltd??,4,1f2pfhw,https://www.reddit.com/r/FIREPakistan/comments/1f2pfhw/any_idea_about_authenticity_of_js_global_capital/,2,2024-08-28 00:10:13,u-jay,FIREPakistan
Money Market Fund,4,1f1kthl,https://www.reddit.com/r/FIREPakistan/comments/1f1kthl/money_market_fund/,13,2024-08-26 15:25:10,SammyScribbless,FIREPakistan
How to find sharia compliant stocks,3,1exk3id,https://www.reddit.com/r/FIREPakistan/comments/1exk3id/how_to_find_sharia_compliant_stocks/,3,2024-08-21 13:12:42,aapkaBaap96,FIREPakistan
Meezan investments ,3,1exfw11,https://www.reddit.com/r/FIREPakistan/comments/1exfw11/meezan_investments/,3,2024-08-21 08:48:49,Striking_Fee_2021,FIREPakistan
 Should Become a Filer for Investing in Mutual Funds?,4,1ewi4u4,https://www.reddit.com/r/FIREPakistan/comments/1ewi4u4/should_become_a_filer_for_investing_in_mutual/,6,2024-08-20 05:41:11,DavidProcter951,FIREPakistan
KSE-100 Index Market Map 19/08/2024,4,1ew38cs,https://www.reddit.com/gallery/1ew37nj,3,2024-08-19 19:28:38,Ju9aid,FIREPakistan
Lon Term Investment Options with PKR 3.5 lac,4,1esnylf,https://www.reddit.com/r/FIREPakistan/comments/1esnylf/lon_term_investment_options_with_pkr_35_lac/,12,2024-08-15 11:10:55,desikhatmal,FIREPakistan
ETF and Individual stocks,4,1esaf8n,https://www.reddit.com/r/FIREPakistan/comments/1esaf8n/etf_and_individual_stocks/,2,2024-08-15 00:26:33,BitterMarsupial199,FIREPakistan
Data about psx ,3,1es9hhg,https://www.reddit.com/r/FIREPakistan/comments/1es9hhg/data_about_psx/,5,2024-08-14 23:44:55,Big-Philosophy-8106,FIREPakistan
Advice on MFs Diversification,5,1erz95x,https://www.reddit.com/r/FIREPakistan/comments/1erz95x/advice_on_mfs_diversification/,3,2024-08-14 16:33:27,packhussain,FIREPakistan
Your opinion on MZNPETF listing ,4,1erywgx,https://www.reddit.com/r/FIREPakistan/comments/1erywgx/your_opinion_on_mznpetf_listing/,5,2024-08-14 16:13:15,ahmadameen222,FIREPakistan
Need a advice on investing 100k rupees,3,1eqddvu,https://www.reddit.com/r/FIREPakistan/comments/1eqddvu/need_a_advice_on_investing_100k_rupees/,5,2024-08-12 18:13:01,None,FIREPakistan
Zakat Affidavit ,4,1enc8gd,https://www.reddit.com/r/FIREPakistan/comments/1enc8gd/zakat_affidavit/,10,2024-08-08 22:40:05,BitterMarsupial199,FIREPakistan
Alternative to Sarmaaya for portfolio tracking! - https://simplywall.st,4,1emj3r8,https://www.reddit.com/r/FIREPakistan/comments/1emj3r8/alternative_to_sarmaaya_for_portfolio_tracking/,4,2024-08-07 23:16:04,Longjumping-Back-499,FIREPakistan
Blocking bank accounts on spam transactions ,4,1elqfuc,https://www.reddit.com/r/FIREPakistan/comments/1elqfuc/blocking_bank_accounts_on_spam_transactions/,1,2024-08-07 00:14:25,OddExplanation883,FIREPakistan
"Newbie here, Al Meezan MCF vs MRAF. Why choose one over other, please guide",3,1ekug8l,https://www.reddit.com/r/FIREPakistan/comments/1ekug8l/newbie_here_al_meezan_mcf_vs_mraf_why_choose_one/,5,2024-08-05 22:58:30,ahmadameen222,FIREPakistan
Shall I keep it USDs or invest in mutual funds?,4,1ek7qxl,https://www.reddit.com/r/FIREPakistan/comments/1ek7qxl/shall_i_keep_it_usds_or_invest_in_mutual_funds/,4,2024-08-05 03:25:38,mhazam39460,FIREPakistan
Best place to buy Gold Bars,4,1ejufp4,https://www.reddit.com/r/FIREPakistan/comments/1ejufp4/best_place_to_buy_gold_bars/,3,2024-08-04 17:47:19,packhussain,FIREPakistan
Stock market guide updated,4,1ej4avd,https://www.reddit.com/r/FIREPakistan/comments/1ej4avd/stock_market_guide_updated/,1,2024-08-03 19:12:35,BitNew5213,FIREPakistan
State Life Saving Plans,5,1ei61d2,https://www.reddit.com/r/FIREPakistan/comments/1ei61d2/state_life_saving_plans/,13,2024-08-02 14:49:03,boy_92,FIREPakistan
I want start selling on amazon. Where do i learn?,6,1ehdcnd,https://www.reddit.com/r/FIREPakistan/comments/1ehdcnd/i_want_start_selling_on_amazon_where_do_i_learn/,17,2024-08-01 15:31:55,Tech-chemi9669,FIREPakistan
Investment options that beat Conventional Savings rate,4,1eh090u,https://www.reddit.com/r/FIREPakistan/comments/1eh090u/investment_options_that_beat_conventional_savings/,1,2024-08-01 03:20:53,Due-Philosopher-1426,FIREPakistan
Is selling on daraz worth it?,4,1efp0gc,https://www.reddit.com/r/FIREPakistan/comments/1efp0gc/is_selling_on_daraz_worth_it/,5,2024-07-30 14:29:32,Hour_Recognition_868,FIREPakistan
Beginner in Stocks,3,1ef9p0i,https://www.reddit.com/r/FIREPakistan/comments/1ef9p0i/beginner_in_stocks/,3,2024-07-30 01:19:16,prayboicartiii,FIREPakistan
Setting up a business in Pakistan,5,1ef7m17,https://www.reddit.com/r/FIREPakistan/comments/1ef7m17/setting_up_a_business_in_pakistan/,4,2024-07-29 23:56:28,Baloch5557,FIREPakistan
Debit/credit cards Pakistan,3,1eezflt,https://www.reddit.com/r/FIREPakistan/comments/1eezflt/debitcredit_cards_pakistan/,13,2024-07-29 18:24:01,kissmapp,FIREPakistan
Mutual Fund,3,1eegem1,https://www.reddit.com/r/FIREPakistan/comments/1eegem1/mutual_fund/,3,2024-07-29 01:07:21,SammyScribbless,FIREPakistan
Is gold a safe investment ,4,1eefhfs,https://www.reddit.com/r/FIREPakistan/comments/1eefhfs/is_gold_a_safe_investment/,10,2024-07-29 00:27:07,Overall-Area-1109,FIREPakistan
Investment options,4,1ee39y6,https://www.reddit.com/r/FIREPakistan/comments/1ee39y6/investment_options/,12,2024-07-28 14:06:45,Antique-Table1416,FIREPakistan
"Are there any ""non-Islamic"" banks in Pakistan that offer High Yield Savings Accounts? ",4,1ee2qd6,https://www.reddit.com/r/FIREPakistan/comments/1ee2qd6/are_there_any_nonislamic_banks_in_pakistan_that/,25,2024-07-28 13:26:05,nocyberBS,FIREPakistan
Mutual funds investment ,4,1ecpe0m,https://www.reddit.com/r/FIREPakistan/comments/1ecpe0m/mutual_funds_investment/,2,2024-07-26 19:24:51,wajman2000,FIREPakistan
Need advice ,4,1ec14h9,https://www.reddit.com/r/FIREPakistan/comments/1ec14h9/need_advice/,0,2024-07-25 22:47:22,cap9v,FIREPakistan
Investment,3,1ebqd9r,https://www.reddit.com/r/FIREPakistan/comments/1ebqd9r/investment/,14,2024-07-25 14:11:52,Next_Objective_4315,FIREPakistan
Question Regarding Tax,3,1e7wooi,https://www.reddit.com/r/FIREPakistan/comments/1e7wooi/question_regarding_tax/,11,2024-07-20 19:18:18,GlassWasabi1298,FIREPakistan
Is it the bad time to buy long term stocks?,3,1e5ptzp,https://www.reddit.com/r/FIREPakistan/comments/1e5ptzp/is_it_the_bad_time_to_buy_long_term_stocks/,9,2024-07-17 23:41:09,waqasy,FIREPakistan
Thoughts on Mahaana Mutual Funds?,4,1e29ccc,https://www.reddit.com/r/FIREPakistan/comments/1e29ccc/thoughts_on_mahaana_mutual_funds/,12,2024-07-13 17:32:54,MiserablePrinciple67,FIREPakistan
MCB Dividend Yield Plan,4,1dyxiv2,https://www.reddit.com/r/FIREPakistan/comments/1dyxiv2/mcb_dividend_yield_plan/,1,2024-07-09 13:46:10,MrNightime,FIREPakistan
"5x in under a year, SAZEW is the growth champ during this bull run üöÄ",3,1dw2y7a,https://i.redd.it/thsm388jfqad1.png,3,2024-07-05 22:07:26,OmegaBrainNihari,FIREPakistan
Help me choose - mutual funds,5,1dvkjss,https://www.reddit.com/r/FIREPakistan/comments/1dvkjss/help_me_choose_mutual_funds/,15,2024-07-05 04:43:12,da_baloch,FIREPakistan
Need advice on Al-Meezan mutual funds.,3,1dvir13,https://www.reddit.com/r/FIREPakistan/comments/1dvir13/need_advice_on_almeezan_mutual_funds/,5,2024-07-05 03:12:10,SortAdventurous297,FIREPakistan
How to Pick and Buy Stocks: Investing for Beginners,3,1dumfas,https://www.youtube.com/watch?v=-9ri0uEUQ38,2,2024-07-04 00:06:04,OmegaBrainNihari,FIREPakistan
which Investment Plan & Brokerage firm is secure and reliable?,4,1dprta4,https://www.reddit.com/r/FIREPakistan/comments/1dprta4/which_investment_plan_brokerage_firm_is_secure/,8,2024-06-27 18:52:25,saifniazi555,FIREPakistan
What are all the possible ways to receive any send international payments?,3,1fkb7mn,https://www.reddit.com/r/FIREPakistan/comments/1fkb7mn/what_are_all_the_possible_ways_to_receive_any/,3,2024-09-19 08:09:09,npc2469,FIREPakistan
Any good Gold Fund,3,1fk101v,https://www.reddit.com/r/FIREPakistan/comments/1fk101v/any_good_gold_fund/,3,2024-09-19 00:14:25,Legitimate_Gap1698,FIREPakistan
Is there any app/brokerage that lets you invest in stock and mutual funds from one single application.,3,1fjmh50,https://www.reddit.com/r/FIREPakistan/comments/1fjmh50/is_there_any_appbrokerage_that_lets_you_invest_in/,10,2024-09-18 11:40:08,zaid2801,FIREPakistan
Incorrect Details on PRC,3,1fizl8g,https://www.reddit.com/r/FIREPakistan/comments/1fizl8g/incorrect_details_on_prc/,5,2024-09-17 18:42:19,Hmii2fr,FIREPakistan
Guidance regarding Ist investment of life ,3,1fhzs8k,https://www.reddit.com/r/FIREPakistan/comments/1fhzs8k/guidance_regarding_ist_investment_of_life/,1,2024-09-16 13:47:27,saeedayy,FIREPakistan
First savings then investments? ,3,1fhyx9m,https://www.reddit.com/r/FIREPakistan/comments/1fhyx9m/first_savings_then_investments/,6,2024-09-16 12:38:28,Mockingjay718s,FIREPakistan
Any impact on stocks or investments in institutions ,3,1fgqlx1,https://i.redd.it/sezvkxb02tod1.jpeg,7,2024-09-14 21:54:51,xotic_daddy1122,FIREPakistan
Front End Load ,3,1fgj4m8,https://www.reddit.com/r/FIREPakistan/comments/1fgj4m8/front_end_load/,25,2024-09-14 15:30:03,DragonfruitOk5401,FIREPakistan
Al Meezan,3,1ff11sg,https://www.reddit.com/r/FIREPakistan/comments/1ff11sg/al_meezan/,7,2024-09-12 17:12:53,Spirited_Lab_1870,FIREPakistan
Al Meezan Investment statement for Visa,4,1fezf8h,https://www.reddit.com/r/FIREPakistan/comments/1fezf8h/al_meezan_investment_statement_for_visa/,3,2024-09-12 15:39:43,sewabs,FIREPakistan
Al Meezan Redemption Request Processing Time,3,1feioqc,https://www.reddit.com/r/FIREPakistan/comments/1feioqc/al_meezan_redemption_request_processing_time/,3,2024-09-12 00:22:23,zeejay1010,FIREPakistan
"What do you guys think about investing in ATHL, LUCKY , ILP and MTL",3,1fegt77,https://www.reddit.com/r/FIREPakistan/comments/1fegt77/what_do_you_guys_think_about_investing_in_athl/,12,2024-09-11 23:05:03,heloworld-123,FIREPakistan
Al meezan investments,3,1fe6okh,https://www.reddit.com/r/FIREPakistan/comments/1fe6okh/al_meezan_investments/,11,2024-09-11 15:18:47,yoon_gitae,FIREPakistan
Need Custom Tax Advice....,3,1fe3xdw,https://www.reddit.com/r/FIREPakistan/comments/1fe3xdw/need_custom_tax_advice/,20,2024-09-11 11:53:04,RyuNoOu,FIREPakistan
Highest performing stock under PKR 10 for 10/09/2024,3,1fe27az,https://www.reddit.com/r/FIREPakistan/comments/1fe27az/highest_performing_stock_under_pkr_10_for_10092024/,5,2024-09-11 09:55:42,mansari87,FIREPakistan
Meezan Women‚Äôs First ,3,1fbt4l2,https://www.reddit.com/r/FIREPakistan/comments/1fbt4l2/meezan_womens_first/,1,2024-09-08 13:34:38,Forevermariooo,FIREPakistan
Account Of Meezan Investments/ HBL AMC,3,1fb2i9m,https://www.reddit.com/r/FIREPakistan/comments/1fb2i9m/account_of_meezan_investments_hbl_amc/,8,2024-09-07 13:47:23,Puzzleheaded-Most-37,FIREPakistan
HBL saving account or Al meezan mutual funds?,4,1falxv7,https://www.reddit.com/r/FIREPakistan/comments/1falxv7/hbl_saving_account_or_al_meezan_mutual_funds/,5,2024-09-06 23:13:21,seriesworm,FIREPakistan
Thinking about investing in Meezan Cash Fund from the EU - Advice Needed,3,1f9129f,https://www.reddit.com/r/FIREPakistan/comments/1f9129f/thinking_about_investing_in_meezan_cash_fund_from/,1,2024-09-04 23:41:17,ShahzaibWas,FIREPakistan
Anyone having experience with IGI Finex Securities,3,1f8m3mb,https://www.reddit.com/r/FIREPakistan/comments/1f8m3mb/anyone_having_experience_with_igi_finex_securities/,2,2024-09-04 11:02:38,Greedy_Deer6913,FIREPakistan
Sarmaaya Financials‚Äô Paid Courses,3,1f6u6ca,https://www.reddit.com/r/FIREPakistan/comments/1f6u6ca/sarmaaya_financials_paid_courses/,7,2024-09-02 06:00:41,khanspeare,FIREPakistan
need help for binance ,3,1f6kg1a,https://www.reddit.com/r/FIREPakistan/comments/1f6kg1a/need_help_for_binance/,29,2024-09-01 22:49:04,EastScratch5679,FIREPakistan
JSInvest Pro: How do you guys deposit funds into it?,3,1f6bcby,https://www.reddit.com/r/FIREPakistan/comments/1f6bcby/jsinvest_pro_how_do_you_guys_deposit_funds_into_it/,7,2024-09-01 15:30:41,FruitImportant2690,FIREPakistan
Can we buy S&P500 in Pakistan?,3,1f5rgl4,https://www.reddit.com/r/FIREPakistan/comments/1f5rgl4/can_we_buy_sp500_in_pakistan/,9,2024-08-31 21:36:11,mrtac96,FIREPakistan
Filer Father,3,1f5gtqz,https://www.reddit.com/r/FIREPakistan/comments/1f5gtqz/filer_father/,15,2024-08-31 11:25:38,Antique-Table1416,FIREPakistan
SIP,3,1f4zuvf,https://www.reddit.com/r/FIREPakistan/comments/1f4zuvf/sip/,3,2024-08-30 21:41:58,Big-Philosophy-8106,FIREPakistan
Alfalah Bank,3,1f1zayr,https://www.reddit.com/r/FIREPakistan/comments/1f1zayr/alfalah_bank/,2,2024-08-27 02:07:07,BitterMarsupial199,FIREPakistan
Online Asset Management Companies for Mutual Funds,3,1f1sw8r,https://www.reddit.com/r/FIREPakistan/comments/1f1sw8r/online_asset_management_companies_for_mutual_funds/,9,2024-08-26 21:45:19,_alireads,FIREPakistan
Help!! Psx experts,3,1f1hazg,https://www.reddit.com/r/FIREPakistan/comments/1f1hazg/help_psx_experts/,12,2024-08-26 11:16:48,ComfortableSwan2009,FIREPakistan
Tax Filing Help,3,1ezhj8w,https://www.reddit.com/r/FIREPakistan/comments/1ezhj8w/tax_filing_help/,3,2024-08-23 21:45:31,Longjumping-Back-499,FIREPakistan
Tax filing,3,1ezedpx,https://www.reddit.com/r/FIREPakistan/comments/1ezedpx/tax_filing/,9,2024-08-23 19:37:17,WatercressSpirited39,FIREPakistan
When And How Will I Be taxed?,3,1ez692y,https://www.reddit.com/r/FIREPakistan/comments/1ez692y/when_and_how_will_i_be_taxed/,15,2024-08-23 11:58:22,coolguydoing69,FIREPakistan
Long term investment in a money market mutual fund?,3,1eyh2qp,https://www.reddit.com/r/FIREPakistan/comments/1eyh2qp/long_term_investment_in_a_money_market_mutual_fund/,3,2024-08-22 16:38:00,Fhdhasn,FIREPakistan
Where to invest PKR 1-1.5 CR for mentally ill relative?,3,1exmroc,https://www.reddit.com/r/FIREPakistan/comments/1exmroc/where_to_invest_pkr_115_cr_for_mentally_ill/,10,2024-08-21 16:06:26,imjhonnysins,FIREPakistan
Does anybody have an excel sheet to track portfolio?,3,1exj6n6,https://www.reddit.com/r/FIREPakistan/comments/1exj6n6/does_anybody_have_an_excel_sheet_to_track/,3,2024-08-21 12:09:51,miloshahpk,FIREPakistan
KSE 100 20/08/2024,3,1ewth4m,https://i.redd.it/3lxzrfuj4tjd1.jpeg,0,2024-08-20 16:49:43,Ju9aid,FIREPakistan
FBR IRIS - How to report our house?,3,1ev625g,https://www.reddit.com/r/FIREPakistan/comments/1ev625g/fbr_iris_how_to_report_our_house/,3,2024-08-18 15:26:37,oyefarhan,FIREPakistan
Tax Rebate,3,1euwudk,https://www.reddit.com/r/FIREPakistan/comments/1euwudk/tax_rebate/,3,2024-08-18 05:52:23,Additional_Ostrich23,FIREPakistan
Is it worth buying stocks of banks? Like Meezan and HBL? ,3,1euj4e4,https://www.reddit.com/r/FIREPakistan/comments/1euj4e4/is_it_worth_buying_stocks_of_banks_like_meezan/,14,2024-08-17 19:32:43,Lithire123,FIREPakistan
Bank Funds investment query ,3,1etlco8,https://www.reddit.com/r/FIREPakistan/comments/1etlco8/bank_funds_investment_query/,4,2024-08-16 15:33:19,work-hard-get-succes,FIREPakistan
Need Advice about investment ,3,1etgnjo,https://www.reddit.com/r/FIREPakistan/comments/1etgnjo/need_advice_about_investment/,10,2024-08-16 10:16:57,Background_Ad5224,FIREPakistan
NBP islamic mahana amdani !!,3,1esxlum,https://www.reddit.com/r/FIREPakistan/comments/1esxlum/nbp_islamic_mahana_amdani/,4,2024-08-15 20:08:32,Personal_Ad_1050,FIREPakistan
Stockbroker recommendations for ETFs,3,1er418h,https://www.reddit.com/r/FIREPakistan/comments/1er418h/stockbroker_recommendations_for_etfs/,6,2024-08-13 15:05:19,da_baloch,FIREPakistan
Changing broker,3,1eqz82w,https://www.reddit.com/r/FIREPakistan/comments/1eqz82w/changing_broker/,11,2024-08-13 09:43:21,Usual_Philosopher_43,FIREPakistan
Top performing funds in Pakistan?,3,1eqp1nv,https://www.reddit.com/r/FIREPakistan/comments/1eqp1nv/top_performing_funds_in_pakistan/,5,2024-08-13 01:54:05,Enfinn_Ad7172,FIREPakistan
Enrichers pvt.,3,1eq6m4e,https://www.reddit.com/r/FIREPakistan/comments/1eq6m4e/enrichers_pvt/,7,2024-08-12 11:26:46,Mr_TroubleMakerx,FIREPakistan
Required your valuable suggestion for investing,3,1eot8s0,https://www.reddit.com/r/FIREPakistan/comments/1eot8s0/required_your_valuable_suggestion_for_investing/,4,2024-08-10 18:37:53,Exact_Broccoli2657,FIREPakistan
What's your experince with Elphinstone,3,1enzot6,https://www.reddit.com/r/FIREPakistan/comments/1enzot6/whats_your_experince_with_elphinstone/,8,2024-08-09 18:27:18,RealBoiMan,FIREPakistan
Sukkuk on PSX,3,1enlqwq,https://www.reddit.com/r/FIREPakistan/comments/1enlqwq/sukkuk_on_psx/,0,2024-08-09 05:18:30,Formal_Explorer765,FIREPakistan
Seamless way to trade forex from Pakistan,3,1emcz53,https://www.reddit.com/r/FIREPakistan/comments/1emcz53/seamless_way_to_trade_forex_from_pakistan/,8,2024-08-07 19:17:42,waqasy,FIREPakistan
Where should I start.,3,1em52mq,https://www.reddit.com/r/FIREPakistan/comments/1em52mq/where_should_i_start/,5,2024-08-07 11:50:13,Nnihnnihnnih,FIREPakistan
"My portfolio, suggestions and analysis welcome",3,1elcvyt,https://i.redd.it/lk81lqhcd0hd1.jpeg,10,2024-08-06 13:57:50,aliakbarzaidi,FIREPakistan
Equity funds or stocks?,3,1eiefkf,https://www.reddit.com/r/FIREPakistan/comments/1eiefkf/equity_funds_or_stocks/,8,2024-08-02 21:27:11,None,FIREPakistan
"In a Choice overload, advice required... ",3,1eic6dg,https://www.reddit.com/r/FIREPakistan/comments/1eic6dg/in_a_choice_overload_advice_required/,10,2024-08-02 19:57:22,awaazaar,FIREPakistan
Should you use JS mutual funds?,3,1eibxmq,https://www.reddit.com/r/FIREPakistan/comments/1eibxmq/should_you_use_js_mutual_funds/,8,2024-08-02 19:47:33,Initial_Injury8185,FIREPakistan
Best Application for PSX,3,1eghsu0,https://www.reddit.com/r/FIREPakistan/comments/1eghsu0/best_application_for_psx/,7,2024-07-31 13:15:20,explorer_ri,FIREPakistan
Al-Meezan MCF difference between Growth-C and S-Plan?,3,1efvt4c,https://www.reddit.com/r/FIREPakistan/comments/1efvt4c/almeezan_mcf_difference_between_growthc_and_splan/,5,2024-07-30 20:09:49,FruitImportant2690,FIREPakistan
App for Mutual Fund,3,1efsjn4,https://www.reddit.com/r/FIREPakistan/comments/1efsjn4/app_for_mutual_fund/,5,2024-07-30 17:52:12,dhondooo,FIREPakistan
Drastic changes in the stocks value?,3,1eezu2j,https://www.reddit.com/r/FIREPakistan/comments/1eezu2j/drastic_changes_in_the_stocks_value/,5,2024-07-29 18:42:02,ahmadsharjeel,FIREPakistan
Best of Best dividend paying companies ,3,1eeyn8p,https://www.reddit.com/r/FIREPakistan/comments/1eeyn8p/best_of_best_dividend_paying_companies/,6,2024-07-29 17:47:41,placidpk,FIREPakistan
How to invest in PSX,3,1eeqund,https://www.reddit.com/r/FIREPakistan/comments/1eeqund/how_to_invest_in_psx/,6,2024-07-29 09:36:47,Spirited_Lab_1870,FIREPakistan
Al meezan investment app.,3,1ecm7bw,https://www.reddit.com/r/FIREPakistan/comments/1ecm7bw/al_meezan_investment_app/,7,2024-07-26 16:54:38,miloshahpk,FIREPakistan
Has anyone used Elevatepay?,3,1echxf6,https://www.reddit.com/r/FIREPakistan/comments/1echxf6/has_anyone_used_elevatepay/,3,2024-07-26 12:15:10,H2So4_Destroyer,FIREPakistan
"Mutual Funds , Taxation and Shariah Compliant Compounding Strategies for the Long run 32 year old Noob looking to make some tough but right decisions",3,1ec39xj,https://www.reddit.com/r/FIREPakistan/comments/1ec39xj/mutual_funds_taxation_and_shariah_compliant/,11,2024-07-26 00:14:23,Correct_Afternoon699,FIREPakistan
Starting from scratch ,3,1ebutxo,https://www.reddit.com/r/FIREPakistan/comments/1ebutxo/starting_from_scratch/,18,2024-07-25 18:25:38,unbecoming_theworst,FIREPakistan
Cryptocurrency,2,1eb3w5q,https://www.reddit.com/r/FIREPakistan/comments/1eb3w5q/cryptocurrency/,44,2024-07-24 20:11:27,Temporary-Piano1,FIREPakistan
investment,3,1eatudc,https://www.reddit.com/r/FIREPakistan/comments/1eatudc/investment/,32,2024-07-24 10:49:03,Next_Monk_6223,FIREPakistan
Seeking Review about Ktrade,3,1eah28u,https://www.reddit.com/r/FIREPakistan/comments/1eah28u/seeking_review_about_ktrade/,10,2024-07-24 00:44:37,zeejay1010,FIREPakistan
Advice needed on converting physical shares to digital,3,1e4n6xo,https://www.reddit.com/r/FIREPakistan/comments/1e4n6xo/advice_needed_on_converting_physical_shares_to/,1,2024-07-16 17:18:53,insight_nomad,FIREPakistan
How is construction of 5 marka houses in lhr/isl as a business idea?,3,1e419m5,https://www.reddit.com/r/FIREPakistan/comments/1e419m5/how_is_construction_of_5_marka_houses_in_lhrisl/,32,2024-07-15 22:51:17,None,FIREPakistan
First time income tax filer  - how to incorporate investments in returns?,3,1e0rcvb,https://www.reddit.com/r/FIREPakistan/comments/1e0rcvb/first_time_income_tax_filer_how_to_incorporate/,6,2024-07-11 20:14:36,UsefulSperm,FIREPakistan
Guidance Needed!,3,1e0jnpc,https://www.reddit.com/r/FIREPakistan/comments/1e0jnpc/guidance_needed/,2,2024-07-11 13:10:19,Able_Stomach_,FIREPakistan
Should I start investing before I become a filer?,3,1e0a2h0,https://www.reddit.com/r/FIREPakistan/comments/1e0a2h0/should_i_start_investing_before_i_become_a_filer/,6,2024-07-11 04:16:24,2ndratecit,FIREPakistan
Investment option,3,1dzfyzg,https://www.reddit.com/r/FIREPakistan/comments/1dzfyzg/investment_option/,3,2024-07-10 03:46:50,Bubbly-Deal1762,FIREPakistan
Non-Filer Advance Tax being Spanish citizen,3,1dwyzyi,https://www.reddit.com/r/FIREPakistan/comments/1dwyzyi/nonfiler_advance_tax_being_spanish_citizen/,2,2024-07-07 01:36:44,Extension-Stranger17,FIREPakistan
Need some advice on investments ,3,1dvt3sv,https://www.reddit.com/r/FIREPakistan/comments/1dvt3sv/need_some_advice_on_investments/,9,2024-07-05 13:28:03,Impetigo_,FIREPakistan
How to add money to Wise?,3,1dpzp4y,https://www.reddit.com/r/FIREPakistan/comments/1dpzp4y/how_to_add_money_to_wise/,7,2024-06-28 00:22:51,_ahsan_,FIREPakistan
18(M) need investing advice,3,1dply5t,https://www.reddit.com/r/FIREPakistan/comments/1dply5t/18m_need_investing_advice/,1,2024-06-27 13:03:21,Nervous-Skill7694,FIREPakistan
Naya Pakistan Certificates (NPCs),3,1dpc6tb,https://www.reddit.com/r/FIREPakistan/comments/1dpc6tb/naya_pakistan_certificates_npcs/,7,2024-06-27 03:59:23,novicelife,FIREPakistan
How does CGT work?,2,1fjsgrb,https://www.reddit.com/r/FIREPakistan/comments/1fjsgrb/how_does_cgt_work/,12,2024-09-18 18:12:01,SynonymAntonym,FIREPakistan
"Can someone tell me if there is a mutual fund based around kse 100 like I want to incest in the KSE100 index, how can i do that?",2,1fjmm09,https://www.reddit.com/r/FIREPakistan/comments/1fjmm09/can_someone_tell_me_if_there_is_a_mutual_fund/,16,2024-09-18 11:49:35,zaid2801,FIREPakistan
I don't have a savings account. Do I pay income tax on money saved in bank?,2,1fi2ug8,https://www.reddit.com/r/FIREPakistan/comments/1fi2ug8/i_dont_have_a_savings_account_do_i_pay_income_tax/,8,2024-09-16 17:04:30,PersonNo200,FIREPakistan
"Summarizing the constitutional changes and discussing their impact on the independence of judiciary, PTI and the country.",2,1fhzm6c,https://www.reddit.com/r/FIREPakistan/comments/1fhzm6c/summarizing_the_constitutional_changes_and/,5,2024-09-16 13:33:36,Paksical,FIREPakistan
Odd business ideas?,2,1fhqb16,https://www.reddit.com/r/FIREPakistan/comments/1fhqb16/odd_business_ideas/,8,2024-09-16 04:24:18,Straight-Big-28,FIREPakistan
Foreign currency bank account ,2,1fgwbk4,https://www.reddit.com/r/FIREPakistan/comments/1fgwbk4/foreign_currency_bank_account/,9,2024-09-15 02:23:21,Awkward-Goat-5843,FIREPakistan
WHT on freelancer buying car,2,1fgnkfx,https://www.reddit.com/r/FIREPakistan/comments/1fgnkfx/wht_on_freelancer_buying_car/,7,2024-09-14 19:39:42,creativepotator,FIREPakistan
Looking for a low cost equity mutual fund,2,1fgkz47,https://www.reddit.com/r/FIREPakistan/comments/1fgkz47/looking_for_a_low_cost_equity_mutual_fund/,8,2024-09-14 17:30:05,TheRationalPaki,FIREPakistan
Is mutual funds investment better than paying off loan? ,2,1fge5vv,https://www.reddit.com/r/FIREPakistan/comments/1fge5vv/is_mutual_funds_investment_better_than_paying_off/,8,2024-09-14 09:33:14,InsuranceGlad7220,FIREPakistan
Is Withholding Tax returned?,2,1fg1dr7,https://www.reddit.com/r/FIREPakistan/comments/1fg1dr7/is_withholding_tax_returned/,5,2024-09-13 23:09:24,good_gamerr,FIREPakistan
Investor Account vs Sub-Account - CDC,2,1fe5geu,https://www.reddit.com/r/FIREPakistan/comments/1fe5geu/investor_account_vs_subaccount_cdc/,9,2024-09-11 13:49:29,surgeonatarms,FIREPakistan
Gold Bars/Chips in Pakistan,2,1fe2t1f,https://www.reddit.com/r/FIREPakistan/comments/1fe2t1f/gold_barschips_in_pakistan/,2,2024-09-11 10:34:56,seth_of_kachra,FIREPakistan
FMR guide,2,1fdbu75,https://www.reddit.com/r/FIREPakistan/comments/1fdbu75/fmr_guide/,9,2024-09-10 12:02:59,locaf,FIREPakistan
Sarwa: How to deposit funds from Pakistani Banks?,2,1fclqhh,https://www.reddit.com/r/FIREPakistan/comments/1fclqhh/sarwa_how_to_deposit_funds_from_pakistani_banks/,5,2024-09-09 15:00:06,FruitImportant2690,FIREPakistan
Should I get a job/internship.. start a business.. or become a freelancer,2,1fc0gdr,https://www.reddit.com/r/FIREPakistan/comments/1fc0gdr/should_i_get_a_jobinternship_start_a_business_or/,2,2024-09-08 20:29:39,LahoriChungus,FIREPakistan
Advise required,2,1fbstzf,https://www.reddit.com/r/FIREPakistan/comments/1fbstzf/advise_required/,5,2024-09-08 13:13:10,AvailableFall6457,FIREPakistan
Help me understand High-Risk Mutual Fund ,2,1fb4y6m,https://www.reddit.com/r/FIREPakistan/comments/1fb4y6m/help_me_understand_highrisk_mutual_fund/,6,2024-09-07 16:40:28,Fahad-2001,FIREPakistan
Mutual fund suggestion.,2,1fafcfp,https://www.reddit.com/r/FIREPakistan/comments/1fafcfp/mutual_fund_suggestion/,2,2024-09-06 18:35:22,Weary-Definition-100,FIREPakistan
No options drop down when I try to add beneficiary in Almezan app,2,1f98vx2,https://www.reddit.com/r/FIREPakistan/comments/1f98vx2/no_options_drop_down_when_i_try_to_add/,0,2024-09-05 05:14:20,InternetAnxious1978,FIREPakistan
Declaring Crypto assets in income tax returns,2,1f8xyt3,https://www.reddit.com/r/FIREPakistan/comments/1f8xyt3/declaring_crypto_assets_in_income_tax_returns/,4,2024-09-04 21:39:09,_alireads,FIREPakistan
Is my Wise account working normally?,2,1f7cu2z,https://www.reddit.com/r/FIREPakistan/comments/1f7cu2z/is_my_wise_account_working_normally/,6,2024-09-02 22:40:29,Antique_Decision_264,FIREPakistan
Which App is best for investing in us stocks?,2,1f792n4,https://www.reddit.com/r/FIREPakistan/comments/1f792n4/which_app_is_best_for_investing_in_us_stocks/,17,2024-09-02 20:08:17,Weary-Definition-100,FIREPakistan
Bank,2,1f68mu9,https://www.reddit.com/r/FIREPakistan/comments/1f68mu9/bank/,2,2024-09-01 12:14:13,Knowledge-Seeker20,FIREPakistan
